"","baseMean","log2FoldChange","lfcSE","pvalue","padj"
"ko:K00001",0,NA,NA,NA,NA
"ko:K00001,ko:K00008",0,NA,NA,NA,NA
"ko:K00001,ko:K13953",32.3841009172541,0.253820207100112,1.06650432890994,NA,NA
"ko:K00003,ko:K12524",16.5863982711258,-0.124558444258598,1.00553806856417,NA,NA
"ko:K00004,ko:K00098",0,NA,NA,NA,NA
"ko:K00009",35.2323522829339,0.356949360157448,1.06348616167963,0.260423349608921,0.813739169585543
"ko:K00010",0.500451625640546,0.167025487045069,1.02715710541345,0.632453893949233,0.813739169585543
"ko:K00012",0,NA,NA,NA,NA
"ko:K00013",1.00090325128109,0.189536261060397,1.036672779882,0.464958961911046,0.813739169585543
"ko:K00014",0,NA,NA,NA,NA
"ko:K00016,ko:K00024",0,NA,NA,NA,NA
"ko:K00018",0.636938432633422,0.1756005348342,1.03052935294046,0.571586153957687,0.813739169585543
"ko:K00019",0,NA,NA,NA,NA
"ko:K00020",0.522880890371069,-0.201331073566169,1.04414504801704,0.313954061487485,0.813739169585543
"ko:K00020,ko:K00042",0,NA,NA,NA,NA
"ko:K00020,ko:K08319",0,NA,NA,NA,NA
"ko:K00031",24.4923046071752,-0.230004061449996,1.04042179684583,0.293232806198875,0.813739169585543
"ko:K00033",24.4136045707182,0.275594930965286,1.07492869031409,0.0386518329523161,0.406113841752578
"ko:K00036",1.02365105244657,0.190155193825638,1.03696447314322,0.459945072750144,0.813739169585543
"ko:K00046,ko:K00059",0.500451625640546,0.167025487045069,1.02715710541345,0.632453893949233,0.813739169585543
"ko:K00052",0,NA,NA,NA,NA
"ko:K00053",34.368237404412,-0.309414691419299,1.06706833285925,0.2075501453843,0.813739169585543
"ko:K00057",35.3610569973845,0.236059115227209,1.05850961873847,NA,NA
"ko:K00058",0.545947227971504,0.170210095163553,1.02837281807884,0.610215176487668,0.813739169585543
"ko:K00059",0.411310529999225,-0.197627023741835,1.0421467766072,0.351873641833839,0.813739169585543
"ko:K00067,ko:K01790",0.500451625640546,0.167025487045069,1.02715710541345,0.632453893949233,0.813739169585543
"ko:K00074",0,NA,NA,NA,NA
"ko:K00075",0,NA,NA,NA,NA
"ko:K00082,ko:K11752",2.96755406113299,-0.217788402399323,1.05416532353577,0.094708540570282,0.52352776593017
"ko:K00088",39.6377433607308,-0.2955639629687,1.05956983160285,0.233097608079902,0.813739169585543
"ko:K00099",1.61509388274903,0.201143967881997,1.0424196846629,NA,NA
"ko:K00101,ko:K00104",24.0997710146955,-0.300315444880819,1.08279119726815,0.0677344977335841,0.450275298359656
"ko:K00104",0,NA,NA,NA,NA
"ko:K00111",45.2999398242504,0.421851800873734,1.1547948960207,0.0061128059875272,0.406113841752578
"ko:K00116",4.77371658830144,-0.188665142279833,1.028687292793,0.372209474039527,0.813739169585543
"ko:K00130",0,NA,NA,NA,NA
"ko:K00133",0,NA,NA,NA,NA
"ko:K00134",12.2507249185727,-0.135999684680713,1.00890683930996,NA,NA
"ko:K00135",24.1070576774679,0.0754149800459566,0.965160804150372,NA,NA
"ko:K00140",5.34665832839795,0.222242838602918,1.04552827790571,NA,NA
"ko:K00145",1.5468504792526,0.200286670530318,1.04196276211053,0.373203022529555,0.813739169585543
"ko:K00146,ko:K11947",101.065837518162,-0.660775811971224,1.36660322786679,0.00776615430433328,0.406113841752578
"ko:K00147",3.64171616840083,0.151691852703779,1.01149480405027,NA,NA
"ko:K00148",18.1951353381783,-0.223947960811427,1.0353022879863,0.327644709731129,0.813739169585543
"ko:K00151",0,NA,NA,NA,NA
"ko:K00161,ko:K00166",85.4381190085995,0.0707161916634954,0.947504163582865,0.857561191041223,0.914221484020732
"ko:K00161,ko:K21416",28.4623140273572,-0.373123245861437,1.11118576882326,0.0881967967880199,0.520507924221601
"ko:K00162",5.05414782258469,0.117671924565518,0.999839259712974,NA,NA
"ko:K00162,ko:K21417",9.99407382488338,-0.143614612430398,1.00147387474199,NA,NA
"ko:K00163",20.9308635823991,0.321466915724204,1.09127717151528,0.0595940230215488,0.423543235046008
"ko:K00164,ko:K01616",42.7311569407908,0.157856661267483,0.994229722334722,0.598865105379802,0.813739169585543
"ko:K00215",0.591442830302463,0.173061033058752,1.02949573957375,0.590028421675987,0.813739169585543
"ko:K00221",0,NA,NA,NA,NA
"ko:K00226,ko:K00254",0,NA,NA,NA,NA
"ko:K00231",0.523199426806025,0.16856987339817,1.02775554955385,0.621055806756654,0.813739169585543
"ko:K00232",17.9033127506343,0.325457413649562,1.0742045976901,0.191713405931724,0.794811828758605
"ko:K00239,ko:K00278",13.1081158670515,-0.15715278118836,1.01707542976415,NA,NA
"ko:K00240",0,NA,NA,NA,NA
"ko:K00241",0.204730210489314,0.129750274483608,1.01596895607108,0.872350855825916,0.914597315506487
"ko:K00242",4.45133109169948,-0.219021967049713,1.05500025262593,0.0681569965942065,0.450275298359656
"ko:K00248,ko:K11410",25.3665494496371,-0.267522740874195,1.06802390892996,NA,NA
"ko:K00252",0.70518183612986,0.178998031452915,1.03194904058656,0.546667683849033,0.813739169585543
"ko:K00259",17.5696490686069,0.338555350959162,1.07150311382264,0.222031091309241,0.813739169585543
"ko:K00261",0,NA,NA,NA,NA
"ko:K00263",9.95581615928689,-0.283863424949165,1.08003523264876,0.0179740325493994,0.406113841752578
"ko:K00265",51.1222654652779,-0.0570256059732393,0.969152955817062,0.840709942375501,0.901084085454531
"ko:K00266",10.282931181307,0.236524134178156,1.05488795080648,NA,NA
"ko:K00276",0,NA,NA,NA,NA
"ko:K00278,ko:K00767",0.159234608158355,0.118377613874088,1.01361372605172,0.940824690937602,0.958485222678752
"ko:K00281,ko:K00283",5.79829269525831,-0.120720549345663,1.0014360651841,0.617061015423815,0.813739169585543
"ko:K00286",0,NA,NA,NA,NA
"ko:K00287",0.295721415151232,0.145778275210489,1.02011955640582,0.771996376974123,0.856657689690616
"ko:K00297",0,NA,NA,NA,NA
"ko:K00299",0.500451625640546,0.167025487045069,1.02715710541345,0.632453893949233,0.813739169585543
"ko:K00301",0,NA,NA,NA,NA
"ko:K00337,ko:K04771",0,NA,NA,NA,NA
"ko:K00360",0,NA,NA,NA,NA
"ko:K00362",0,NA,NA,NA,NA
"ko:K00363",0.523199426806025,0.16856987339817,1.02775554955385,0.621055806756654,0.813739169585543
"ko:K00365",0,NA,NA,NA,NA
"ko:K00366,ko:K00392",27.4807409126983,0.328856394222296,1.09943484188141,NA,NA
"ko:K00372",0,NA,NA,NA,NA
"ko:K00382",33.1432194665822,-0.274519714873441,1.05299850680499,0.248206318025219,0.813739169585543
"ko:K00384",19.4772305682456,-0.0742511094014825,0.982000731164582,0.780766506161884,0.861585220293244
"ko:K00390",0,NA,NA,NA,NA
"ko:K00425",0,NA,NA,NA,NA
"ko:K00426",0,NA,NA,NA,NA
"ko:K00432",0,NA,NA,NA,NA
"ko:K00446",0,NA,NA,NA,NA
"ko:K00448",0,NA,NA,NA,NA
"ko:K00449",0.978155450115612,0.188895847047625,1.03637263478817,0.470119323665536,0.813739169585543
"ko:K00459",1.06914665477753,0.191332825994538,1.0375238727763,0.450325959863352,0.813739169585543
"ko:K00466",0,NA,NA,NA,NA
"ko:K00481",0,NA,NA,NA,NA
"ko:K00520,ko:K21739",0,NA,NA,NA,NA
"ko:K00525",37.9875945084674,0.371269185084766,1.11769547873386,0.0424188061590585,0.406113841752578
"ko:K00526",27.9297428887183,-0.235388608353856,1.02703066363007,0.368443917371243,0.813739169585543
"ko:K00528",4.47555639236336,0.269435795640186,1.06847343464268,0.157595051087839,0.712759435601819
"ko:K00529",0,NA,NA,NA,NA
"ko:K00549,ko:K22363",0.250225812820273,0.138557169550825,1.01812795929979,0.817486292418697,0.887344211952659
"ko:K00554",7.66659408382808,0.271790077766213,1.07135002835821,0.105482242947623,0.567323414772349
"ko:K00556",0,NA,NA,NA,NA
"ko:K00560",0.614190631467943,0.174359907623943,1.03002171271944,0.580605777268672,0.813739169585543
"ko:K00564",0.68243403496438,0.177923319855448,1.03149453793642,0.554643723840332,0.813739169585543
"ko:K00564,ko:K11391",0,NA,NA,NA,NA
"ko:K00566",0.0227478011654794,0.0403106758926753,1.00961765740695,0.744361624294483,0.841636154742057
"ko:K00567",0,NA,NA,NA,NA
"ko:K00571",0,NA,NA,NA,NA
"ko:K00594",0,NA,NA,NA,NA
"ko:K00600",9.09976406635943,0.276451114032246,1.07365969661612,0.0898447850825689,0.520507924221601
"ko:K00602",2.0927977072241,0.20635078675568,1.04513238598712,NA,NA
"ko:K00604",0,NA,NA,NA,NA
"ko:K00605",16.8146448460478,-0.256722176386946,1.05880956008553,NA,NA
"ko:K00606",0,NA,NA,NA,NA
"ko:K00609",0.909912046619174,0.18683433918585,1.0354178560808,0.486541529286304,0.813739169585543
"ko:K00611",0,NA,NA,NA,NA
"ko:K00615",2.35813371222843,0.129212925206971,0.994597149460577,0.632324571397417,0.813739169585543
"ko:K00616",0,NA,NA,NA,NA
"ko:K00619",0,NA,NA,NA,NA
"ko:K00620",0,NA,NA,NA,NA
"ko:K00626",0.978155450115612,0.188895847047625,1.03637263478817,0.470119323665536,0.813739169585543
"ko:K00626,ko:K00632",11.1060969235643,-0.0891089136125724,0.994149943078824,NA,NA
"ko:K00627",11.728446924958,-0.0732683140198588,0.990408575463865,NA,NA
"ko:K00640",0,NA,NA,NA,NA
"ko:K00641",0.204730210489314,0.129750274483608,1.01596895607108,0.872350855825916,0.914597315506487
"ko:K00645",68.5464791373621,0.43491800350659,1.15635159509613,0.0308892610432944,0.406113841752578
"ko:K00648,ko:K11608",0.568695029136984,0.1716670662044,1.02894345793684,0.599886219228387,0.813739169585543
"ko:K00655",46.187354396281,0.367343629032499,1.11664371738948,0.0354123929139503,0.406113841752578
"ko:K00657",9.12964726503158,-0.101075199294292,0.996513265063119,NA,NA
"ko:K00658",2.07004990605862,0.206114946648144,1.0450148864696,NA,NA
"ko:K00661",12.3216738205325,-0.0552935510036988,0.979248361981684,0.835382530045001,0.896984479202995
"ko:K00666",0,NA,NA,NA,NA
"ko:K00674",0,NA,NA,NA,NA
"ko:K00681",0,NA,NA,NA,NA
"ko:K00688",0.68243403496438,0.177923319855448,1.03149453793642,0.554643723840332,0.813739169585543
"ko:K00697,ko:K16055",23.7419529576051,-0.28561656305073,1.08121969081778,0.00635389815295422,0.406113841752578
"ko:K00700",0.386712619813149,0.156977720942343,1.02360320930516,0.699911933730271,0.830710585361773
"ko:K00721",20.7908557140305,0.386136891185932,1.12604100587895,0.0435364922481826,0.406113841752578
"ko:K00728",0,NA,NA,NA,NA
"ko:K00756,ko:K00758",0,NA,NA,NA,NA
"ko:K00759",0,NA,NA,NA,NA
"ko:K00760",0,NA,NA,NA,NA
"ko:K00760,ko:K04075",0,NA,NA,NA,NA
"ko:K00761",0,NA,NA,NA,NA
"ko:K00762",0,NA,NA,NA,NA
"ko:K00763",21.4497656707882,0.229510393906083,1.05749107773044,NA,NA
"ko:K00764",25.350889995217,-0.187671471930278,1.01911887323574,0.43431496198886,0.813739169585543
"ko:K00765,ko:K02502",13.8382825118337,0.272487613739631,1.07293461298551,0.0651882417100228,0.447326210354984
"ko:K00766",0,NA,NA,NA,NA
"ko:K00767",0,NA,NA,NA,NA
"ko:K00788",0,NA,NA,NA,NA
"ko:K00789",1.84257189440383,0.203906607097192,1.04384593159538,NA,NA
"ko:K00790",10.9402208131669,0.0314650052133254,0.983768482890834,NA,NA
"ko:K00791",1.70608508741095,0.202365084943126,1.04303730298928,NA,NA
"ko:K00793",0.194997869734438,0.119612067533317,1.0142670236877,0.915619837195766,0.945718067138188
"ko:K00794",1.61509388274903,0.201143967881997,1.0424196846629,NA,NA
"ko:K00796,ko:K00950,ko:K01633",0.204730210489314,0.129750274483608,1.01596895607108,0.872350855825916,0.914597315506487
"ko:K00800",0,NA,NA,NA,NA
"ko:K00805",0.36396481864767,0.154371895277562,1.02276246809824,0.716061496843203,0.83821316395175
"ko:K00806,ko:K12503",0,NA,NA,NA,NA
"ko:K00806,ko:K14215,ko:K21273",0.386712619813149,0.156977720942343,1.02360320930516,0.699911933730271,0.830710585361773
"ko:K00812",0,NA,NA,NA,NA
"ko:K00812,ko:K14260",0,NA,NA,NA,NA
"ko:K00812,ko:K14267",4.5392203234752,-0.121929316885362,1.00181603289077,0.613300546872426,0.813739169585543
"ko:K00817",5.43155271307975,-0.0924811671058501,0.993311317912248,0.710721054955433,0.83821316395175
"ko:K00819",1.49591095988075,0.185149503709012,1.01429818572768,0.505858244579674,0.813739169585543
"ko:K00820",2.0927977072241,0.20635078675568,1.04513238598712,NA,NA
"ko:K00821",0.34121701748219,0.151930781611107,1.02196368023636,0.733352916949827,0.841636154742057
"ko:K00826",16.6905695519187,-0.243979909647718,1.0458832979732,0.265816039456697,0.813739169585543
"ko:K00830,ko:K00839",0,NA,NA,NA,NA
"ko:K00831",0.159234608158355,0.118377613874088,1.01361372605172,0.940824690937602,0.958485222678752
"ko:K00845",5.57153496265259,-0.243780543943125,1.06029662959223,0.0910615966297625,0.520507924221601
"ko:K00845,ko:K00886",0,NA,NA,NA,NA
"ko:K00847",8.60590677728567,-0.220216123774452,1.05581975248161,0.0383734763179995,0.406113841752578
"ko:K00849",0,NA,NA,NA,NA
"ko:K00854",5.54114070736516,0.266438892456355,1.06822850539188,0.137786018322204,0.647702779042171
"ko:K00857",0,NA,NA,NA,NA
"ko:K00858",0,NA,NA,NA,NA
"ko:K00859",0,NA,NA,NA,NA
"ko:K00863,ko:K05878",26.5642118747102,-0.239309268577278,1.04574241887853,0.260367938222968,0.813739169585543
"ko:K00864",108.347274208204,0.158136036538681,0.941700550640397,0.696956096491617,0.830710585361773
"ko:K00865",0,NA,NA,NA,NA
"ko:K00867",0,NA,NA,NA,NA
"ko:K00868",0,NA,NA,NA,NA
"ko:K00872",1.72883288857643,0.202634948797068,1.04317838185826,NA,NA
"ko:K00873",38.1301449864148,0.150610702005344,0.978131817037595,0.653455234177356,0.815886101689811
"ko:K00876",0,NA,NA,NA,NA
"ko:K00878",0,NA,NA,NA,NA
"ko:K00882,ko:K16370",14.5823951767918,0.313904313952767,1.08468002855537,0.0842872029768775,0.503194601771959
"ko:K00891",4.04910860745532,0.216235948390626,1.05051574746819,NA,NA
"ko:K00919",0.591442830302463,0.173061033058752,1.02949573957375,0.590028421675987,0.813739169585543
"ko:K00925",0,NA,NA,NA,NA
"ko:K00927,ko:K01803",0.204730210489314,0.129750274483608,1.01596895607108,0.872350855825916,0.914597315506487
"ko:K00928",26.4593749194794,0.275795407128715,1.07508665526405,0.0358132451201902,0.406113841752578
"ko:K00930",0.34121701748219,0.151930781611107,1.02196368023636,0.733352916949827,0.841636154742057
"ko:K00931",2.31705110832932,0.242907211405076,1.05584027345812,0.263536947480558,0.813739169585543
"ko:K00936",1.66058948507999,0.201658395240609,1.04270145687938,NA,NA
"ko:K00937",0.477703824475066,0.165285156331335,1.02651005626696,0.644461424237481,0.815886101689811
"ko:K00939",1.13739005827397,0.192963037074086,1.03830775942481,0.436829543501265,0.813739169585543
"ko:K00940",0,NA,NA,NA,NA
"ko:K00941,ko:K14153",1.20563346177041,0.194449711840497,1.03903217719968,0.424327915845596,0.813739169585543
"ko:K00942",0,NA,NA,NA,NA
"ko:K00943",0,NA,NA,NA,NA
"ko:K00945",0.909912046619174,0.18683433918585,1.0354178560808,0.486541529286304,0.813739169585543
"ko:K00946",0.614190631467943,0.174359907623943,1.03002171271944,0.580605777268672,0.813739169585543
"ko:K00948",0.36396481864767,0.154371895277562,1.02276246809824,0.716061496843203,0.83821316395175
"ko:K00950,ko:K13940",0,NA,NA,NA,NA
"ko:K00951,ko:K01139",7.37235555953944,0.196577044871586,1.03220641958714,NA,NA
"ko:K00954",0,NA,NA,NA,NA
"ko:K00956",0,NA,NA,NA,NA
"ko:K00957",0,NA,NA,NA,NA
"ko:K00962",88.882863201383,-0.289481779180889,1.06856078363295,0.1657826703942,0.74415228740855
"ko:K00963",0.955407648950133,0.188232836350162,1.03606367996373,0.475430117826192,0.813739169585543
"ko:K00965",1.13799859258908,0.192224730387787,1.03796875342458,0.440025319716875,0.813739169585543
"ko:K00969",0.841668643122736,0.184536062997827,1.03437334073381,0.504568981650275,0.813739169585543
"ko:K00970,ko:K00974",1.47860707575616,0.199301842231611,1.04145660966871,0.382172440121817,0.813739169585543
"ko:K00971",0,NA,NA,NA,NA
"ko:K00973",0.545947227971504,0.170210095163553,1.02837281807884,0.610215176487668,0.813739169585543
"ko:K00975",0,NA,NA,NA,NA
"ko:K00981",0,NA,NA,NA,NA
"ko:K00982",1.3193724675978,0.200370371253009,1.04116244738643,0.40539178999161,0.813739169585543
"ko:K00983",0,NA,NA,NA,NA
"ko:K00989",0,NA,NA,NA,NA
"ko:K00995,ko:K08744",0,NA,NA,NA,NA
"ko:K00997",21.3360534148102,0.250087953443303,1.0648037518062,NA,NA
"ko:K01000",0,NA,NA,NA,NA
"ko:K01011",20.0461416596266,-0.233463270136697,1.04090503902124,NA,NA
"ko:K01028",3.56106487335959,-0.218407175223415,1.05458185702594,0.0818693769219267,0.498734877779492
"ko:K01029",28.207254794457,-0.285346890590052,1.08115043790111,0.00513244451485512,0.406113841752578
"ko:K01029,ko:K01032",0,NA,NA,NA,NA
"ko:K01031",0,NA,NA,NA,NA
"ko:K01048",0,NA,NA,NA,NA
"ko:K01055,ko:K14727",0,NA,NA,NA,NA
"ko:K01056",0,NA,NA,NA,NA
"ko:K01057",0,NA,NA,NA,NA
"ko:K01060",0,NA,NA,NA,NA
"ko:K01066",18.562271608173,-0.220905038159477,1.05629785064712,NA,NA
"ko:K01069",22.1776050397206,0.344018054748738,1.10690410294856,0.0257630571597661,0.406113841752578
"ko:K01079",0.409460420978628,0.159330480475784,1.02439200469566,0.684777843482414,0.827555410038463
"ko:K01081",0,NA,NA,NA,NA
"ko:K01081,ko:K01119",0,NA,NA,NA,NA
"ko:K01087",0,NA,NA,NA,NA
"ko:K01089,ko:K01693",0,NA,NA,NA,NA
"ko:K01091",0.227478011654794,0.134435311067156,1.01707937208232,0.843534159943008,0.902490848541175
"ko:K01092",0,NA,NA,NA,NA
"ko:K01092,ko:K05602",0,NA,NA,NA,NA
"ko:K01104",0.0227478011654794,0.0403106758926753,1.00961765740695,0.744361624294483,0.841636154742057
"ko:K01126",0.34121701748219,0.151930781611107,1.02196368023636,0.733352916949827,0.841636154742057
"ko:K01129",5.53785758770944,0.269508488723816,1.0693787084308,0.135812457041816,0.643492355983844
"ko:K01142",30.0146373179468,-0.272475978793935,1.04613630781363,0.284414378977616,0.813739169585543
"ko:K01153",0,NA,NA,NA,NA
"ko:K01153,ko:K09384",0,NA,NA,NA,NA
"ko:K01154",0,NA,NA,NA,NA
"ko:K01159",0,NA,NA,NA,NA
"ko:K01173",0.591442830302463,0.173061033058752,1.02949573957375,0.590028421675987,0.813739169585543
"ko:K01174",0,NA,NA,NA,NA
"ko:K01179",0.409460420978628,0.159330480475784,1.02439200469566,0.684777843482414,0.827555410038463
"ko:K01181",0,NA,NA,NA,NA
"ko:K01187",0.389995739468877,0.153419003349343,1.02260118983142,0.71262380134398,0.83821316395175
"ko:K01190,ko:K12308",0,NA,NA,NA,NA
"ko:K01191",0,NA,NA,NA,NA
"ko:K01207",0,NA,NA,NA,NA
"ko:K01209",0,NA,NA,NA,NA
"ko:K01212,ko:K03332",0,NA,NA,NA,NA
"ko:K01214",8.84317639498333,-0.2202570747167,1.05584845825245,0.0373302024810576,0.406113841752578
"ko:K01214,ko:K02438",0.727929637295339,0.180022407628193,1.03238821673344,0.538996692770162,0.813739169585543
"ko:K01227",0,NA,NA,NA,NA
"ko:K01236",0,NA,NA,NA,NA
"ko:K01243",0.727929637295339,0.180022407628193,1.03238821673344,0.538996692770162,0.813739169585543
"ko:K01246",0,NA,NA,NA,NA
"ko:K01255",0,NA,NA,NA,NA
"ko:K01256,ko:K08776",8.45772252346893,-0.16084557588261,1.01774664351387,0.464271534609689,0.813739169585543
"ko:K01259",0,NA,NA,NA,NA
"ko:K01262",25.9930109711437,-0.24975221185618,1.0519229483344,0.223235161389138,0.813739169585543
"ko:K01265",4.25383881794464,0.216830228321904,1.05084166203409,NA,NA
"ko:K01267",1.27387686526684,0.194782147009936,1.039425657755,0.412703435994753,0.813739169585543
"ko:K01284",0.636938432633422,0.1756005348342,1.03052935294046,0.571586153957687,0.813739169585543
"ko:K01286",1.20563346177041,0.194449711840497,1.03903217719968,0.424327915845596,0.813739169585543
"ko:K01295",0,NA,NA,NA,NA
"ko:K01354",0,NA,NA,NA,NA
"ko:K01356",0,NA,NA,NA,NA
"ko:K01358",11.9888483373916,-0.154765725438086,1.01594316548003,NA,NA
"ko:K01389,ko:K01415,ko:K07386",0.205655264999612,-0.177910948695892,1.03317269885126,0.444844458421872,0.813739169585543
"ko:K01409",21.1779502057681,-0.171580896466894,1.02568936966202,NA,NA
"ko:K01421",4.91352505174354,0.21841843603076,1.0517226133151,NA,NA
"ko:K01426",0.0682434034964381,0.0807031210712614,1.0090882134516,0.890402028134846,0.927696353920598
"ko:K01433",0,NA,NA,NA,NA
"ko:K01439",0.409460420978628,0.159330480475784,1.02439200469566,0.684777843482414,0.827555410038463
"ko:K01443",0,NA,NA,NA,NA
"ko:K01462",0.70518183612986,0.178998031452915,1.03194904058656,0.546667683849033,0.813739169585543
"ko:K01465",3.16194436200163,0.212866174339668,1.04869234533943,NA,NA
"ko:K01466",0,NA,NA,NA,NA
"ko:K01468",0,NA,NA,NA,NA
"ko:K01476",0,NA,NA,NA,NA
"ko:K01485,ko:K11991",0,NA,NA,NA,NA
"ko:K01488",0.500451625640546,0.167025487045069,1.02715710541345,0.632453893949233,0.813739169585543
"ko:K01489",0,NA,NA,NA,NA
"ko:K01491",2.45676252587177,0.208959199100894,1.04657408666819,NA,NA
"ko:K01494",0,NA,NA,NA,NA
"ko:K01495",3.92606368296932,-0.242863416639022,1.05883322081277,0.141632845106043,0.654085998935412
"ko:K01496,ko:K11755",0,NA,NA,NA,NA
"ko:K01501",0,NA,NA,NA,NA
"ko:K01507",1.88806749673479,0.204383568540945,1.04409706144544,NA,NA
"ko:K01512",0,NA,NA,NA,NA
"ko:K01515",0.864416444288215,0.185330833104279,1.03473220409385,0.498365182555069,0.813739169585543
"ko:K01520",0.659686233798901,0.176789907591924,1.03102063668429,0.562940765486582,0.813739169585543
"ko:K01523",0,NA,NA,NA,NA
"ko:K01533,ko:K17686",0,NA,NA,NA,NA
"ko:K01579",7.60924480498565,-0.22005509040546,1.05570983775199,0.0427438049838005,0.406113841752578
"ko:K01586",1.47860707575616,0.199301842231611,1.04145660966871,0.382172440121817,0.813739169585543
"ko:K01588",0.0227478011654794,0.0403106758926753,1.00961765740695,0.744361624294483,0.841636154742057
"ko:K01589",0,NA,NA,NA,NA
"ko:K01591",1.46236700479598,0.218215657405468,1.04579268068948,0.362858361119742,0.813739169585543
"ko:K01596",3.01328731333862,0.030450175352159,0.983242183459162,NA,NA
"ko:K01599",0.454956023309587,0.163375536866494,1.02582113040819,0.657137732746673,0.815886101689811
"ko:K01607,ko:K14727",0,NA,NA,NA,NA
"ko:K01609",1.13739005827397,0.192963037074086,1.03830775942481,0.436829543501265,0.813739169585543
"ko:K01619",0,NA,NA,NA,NA
"ko:K01620",0,NA,NA,NA,NA
"ko:K01624",11.2855166102823,-0.208868270332741,1.04198846929468,0.252031634994067,0.813739169585543
"ko:K01626,ko:K16019",12.5992701322362,0.226357691649887,1.05594624776952,NA,NA
"ko:K01628",0,NA,NA,NA,NA
"ko:K01633,ko:K13940",0,NA,NA,NA,NA
"ko:K01637",19.9571484798168,0.285652184537975,1.07893465471063,0.0431018866796471,0.406113841752578
"ko:K01638",9.89529350698352,0.224709858748903,1.05509703730523,NA,NA
"ko:K01640",0,NA,NA,NA,NA
"ko:K01644",4.68180032912923,-0.173149329531875,1.02132964335014,0.433023454248956,0.813739169585543
"ko:K01647",13.9905614005815,-0.200414921192936,1.02518369266101,0.393113788319143,0.813739169585543
"ko:K01649",14.8582593147275,0.276718596313804,1.07477005137035,0.0594727582304357,0.423543235046008
"ko:K01652",22.1756866892874,-0.324700310876258,1.08293929511313,0.141339149141101,0.654085998935412
"ko:K01653",7.71188315668947,-0.0673735026700568,0.988517882159814,NA,NA
"ko:K01657,ko:K01665,ko:K03342,ko:K13950",2.8662229468504,0.21143785956244,1.04791001938024,NA,NA
"ko:K01657,ko:K02500",0.659686233798901,0.176789907591924,1.03102063668429,0.562940765486582,0.813739169585543
"ko:K01658,ko:K01664",0,NA,NA,NA,NA
"ko:K01661",1.47860707575616,0.199301842231611,1.04145660966871,0.382172440121817,0.813739169585543
"ko:K01662",1.64873777984482,0.0125708659280139,0.983402044119322,0.964208527210187,0.977582608123841
"ko:K01673",0,NA,NA,NA,NA
"ko:K01679",20.9535791768057,-0.206428768577968,1.02745751528317,0.376975628866919,0.813739169585543
"ko:K01681",15.1013293775697,0.0540192865281717,0.969100651093997,0.871342404585798,0.914597315506487
"ko:K01687",1.00090325128109,0.189536261060397,1.036672779882,0.464958961911046,0.813739169585543
"ko:K01689",2.93446635034684,0.211791566162553,1.04810265894409,NA,NA
"ko:K01692",6.43338101887114,-0.0563153279516072,0.986373805505473,NA,NA
"ko:K01695",0.477703824475066,0.165285156331335,1.02651005626696,0.644461424237481,0.815886101689811
"ko:K01696",3.98086520395889,0.216026764242629,1.0504010554706,NA,NA
"ko:K01697",25.803541103791,-0.225241099608425,1.04295383639884,NA,NA
"ko:K01698",7.89741372424476,0.222843625370979,1.05412435975382,NA,NA
"ko:K01703",55.0881210598285,-0.26531992748003,1.02734882207823,0.360470584662863,0.813739169585543
"ko:K01704",8.18300447380016,-0.0296207032996295,0.983815331737395,NA,NA
"ko:K01710",1.9818338649276,0.0795143646569221,0.990318401267757,0.760941695471482,0.853913895106155
"ko:K01712",10.4970762469067,-0.180429234522033,1.02757433570424,0.377231550869803,0.813739169585543
"ko:K01714",22.9127730925875,-0.268175545664811,1.06193542536012,0.17140698909294,0.752426268297687
"ko:K01715",0.318469216316711,0.149036192249256,1.02107355653797,0.751937143783005,0.845398257699536
"ko:K01719",1.52410267808712,0.199969126986988,1.04179853159994,0.376133915808355,0.813739169585543
"ko:K01719,ko:K13542",0,NA,NA,NA,NA
"ko:K01720",0.568695029136984,0.1716670662044,1.02894345793684,0.599886219228387,0.813739169585543
"ko:K01733",9.90459942564212,-0.195857477173035,1.03509789831813,0.311882590451657,0.813739169585543
"ko:K01735,ko:K13829",0.70518183612986,0.178998031452915,1.03194904058656,0.546667683849033,0.813739169585543
"ko:K01736",0.909912046619174,0.18683433918585,1.0354178560808,0.486541529286304,0.813739169585543
"ko:K01737",0,NA,NA,NA,NA
"ko:K01738",0.70518183612986,0.178998031452915,1.03194904058656,0.546667683849033,0.813739169585543
"ko:K01739",0,NA,NA,NA,NA
"ko:K01740",19.6954598454568,-0.190689884209212,1.03518422328495,0.301906781005926,0.813739169585543
"ko:K01744",1.38761587109424,0.197866780022295,1.04072693315681,0.39501483779549,0.813739169585543
"ko:K01745",16.6128092412933,-0.0642043515047313,0.980387350082386,0.809717288702681,0.886974718083488
"ko:K01749",9.95112901893515,-0.213597266871366,1.04449505821988,0.230587214425444,0.813739169585543
"ko:K01754",1.72883288857643,0.202634948797068,1.04317838185826,NA,NA
"ko:K01755",0,NA,NA,NA,NA
"ko:K01756",34.9397528444484,0.0183858041860449,0.965942484667374,0.966120165482523,0.977582608123841
"ko:K01756,ko:K01857",0.205655264999612,-0.177910948695892,1.03317269885126,0.444844458421872,0.813739169585543
"ko:K01770,ko:K12506",7.9778745910639,-0.244341975040086,1.04717265747603,0.263887713647209,0.813739169585543
"ko:K01772",2.16104111072054,0.206969372252944,1.04545398294552,NA,NA
"ko:K01775",2.25203231538246,0.20745457077884,1.04576964838257,NA,NA
"ko:K01776",0.796173040791777,0.182849244507384,1.03362033854342,0.517617714844635,0.813739169585543
"ko:K01778",1.91081529790027,0.204615965980772,1.04421951853408,NA,NA
"ko:K01782",7.64326119160106,0.22444323880501,1.05462342928154,NA,NA
"ko:K01783",0,NA,NA,NA,NA
"ko:K01784",34.8650972179759,-0.277957129632882,1.05361901670365,0.247709926945099,0.813739169585543
"ko:K01785",0,NA,NA,NA,NA
"ko:K01802",11.9529355214973,-0.122105210726924,1.00390763327201,NA,NA
"ko:K01802,ko:K03772",0.136486806992876,0.111365147216464,1.01239518161017,0.982371487604345,0.985673576638309
"ko:K01803",2.59324933286465,0.209855679096244,1.04705566159423,NA,NA
"ko:K01804",0,NA,NA,NA,NA
"ko:K01805",6.13777035083116,-0.165075750942255,1.0188424677602,0.453966661527188,0.813739169585543
"ko:K01808",0.0682434034964381,0.0807031210712614,1.0090882134516,0.890402028134846,0.927696353920598
"ko:K01809",0,NA,NA,NA,NA
"ko:K01810",4.48131682959943,0.217436326486282,1.05117443623978,NA,NA
"ko:K01814,ko:K01817",0,NA,NA,NA,NA
"ko:K01816",0,NA,NA,NA,NA
"ko:K01821",0.454956023309587,0.163375536866494,1.02582113040819,0.657137732746673,0.815886101689811
"ko:K01834",30.1581635374355,0.19938432777177,0.99645474335027,NA,NA
"ko:K01835",2.26220791499573,-0.216743060633331,1.05346785502038,0.115826269083953,0.591010962761709
"ko:K01835,ko:K01840",3.58174469260093,-0.144403219339031,1.00938793761075,0.537900378880946,0.813739169585543
"ko:K01841,ko:K03417",0,NA,NA,NA,NA
"ko:K01845",0.591442830302463,0.173061033058752,1.02949573957375,0.590028421675987,0.813739169585543
"ko:K01854",4.20834321561368,0.216702263842438,1.05077147874793,NA,NA
"ko:K01857",0.477703824475066,0.165285156331335,1.02651005626696,0.644461424237481,0.815886101689811
"ko:K01866",0.454956023309587,0.163375536866494,1.02582113040819,0.657137732746673,0.815886101689811
"ko:K01867",0.136486806992876,0.111365147216464,1.01239518161017,0.982371487604345,0.985673576638309
"ko:K01868",15.9961842709601,0.345290380757512,1.1068635302567,0.0359596097407478,0.406113841752578
"ko:K01869",1.20563346177041,0.194449711840497,1.03903217719968,0.424327915845596,0.813739169585543
"ko:K01870",3.99196585808246,-0.048147847767517,0.984781005203595,0.849583769895276,0.907337228313917
"ko:K01872",59.4523560066396,0.167266527276185,0.984510504512102,0.612708686967369,0.813739169585543
"ko:K01873",11.2943885937933,-0.0690616242083096,0.989506325167544,NA,NA
"ko:K01874",12.2848657932696,0.226059332296994,1.05581605789236,NA,NA
"ko:K01875",11.0116179417863,-0.212772156316023,1.04399227581341,0.235171716641677,0.813739169585543
"ko:K01876",5.24772019473532,-0.0686877238467985,0.988179519429814,NA,NA
"ko:K01880",0.0227478011654794,0.0403106758926753,1.00961765740695,0.744361624294483,0.841636154742057
"ko:K01881",2.66149273636108,0.210276647982894,1.04728225483439,NA,NA
"ko:K01883",16.0974798142855,-0.128752190000146,1.00689683084149,NA,NA
"ko:K01885",0.932659847784653,0.187546068602644,1.03574554672976,0.480901394981909,0.813739169585543
"ko:K01887",0.614190631467943,0.174359907623943,1.03002171271944,0.580605777268672,0.813739169585543
"ko:K01889",1.68333728624547,0.202089327597996,1.04289343353188,NA,NA
"ko:K01890",36.4760037918504,0.279449254269861,1.07686150831051,0.025438794031565,0.406113841752578
"ko:K01892",0,NA,NA,NA,NA
"ko:K01895",5.48222008088052,0.219514560521062,1.0523332754898,NA,NA
"ko:K01897",29.6685586588043,-0.224948205725897,1.03613947801706,NA,NA
"ko:K01902",17.7774529310803,-0.264497409553348,1.07226496859727,NA,NA
"ko:K01903",4.75429044358518,0.21807004733111,1.05152905236864,NA,NA
"ko:K01911,ko:K02549",0,NA,NA,NA,NA
"ko:K01912",18.8016013250629,-0.20064181503229,1.03966372101252,0.263570543032702,0.813739169585543
"ko:K01915",37.3559606109939,0.0944242589395296,0.973847209341022,0.77378508669152,0.857049530157398
"ko:K01918",5.2020085301603,-0.157955374294858,1.01539223021708,0.484136047177641,0.813739169585543
"ko:K01921",0.477703824475066,0.165285156331335,1.02651005626696,0.644461424237481,0.815886101689811
"ko:K01923,ko:K01945",11.6731004454922,0.301289652058001,1.07726598050682,0.106528614132451,0.567835559259581
"ko:K01924",1.22838126293589,0.19476162264052,1.03921745655398,0.4203608445868,0.813739169585543
"ko:K01924,ko:K02563",0.250225812820273,0.138557169550825,1.01812795929979,0.817486292418697,0.887344211952659
"ko:K01925",20.0853574714148,-0.404611933096245,1.13505304466677,0.0494987798231933,0.418335366778353
"ko:K01928",28.1695611755032,0.320205239256937,1.08691446600128,NA,NA
"ko:K01929",1.45585927459068,0.198952950055276,1.04127915448188,0.385284088568179,0.813739169585543
"ko:K01933",21.5231381188801,-0.170955007612831,0.995488809227589,0.55644399052206,0.813739169585543
"ko:K01934",1.25112906410136,0.192921000527094,1.03883657152554,0.416487228427224,0.813739169585543
"ko:K01937",3.04820535617423,0.212347266039259,1.04840689583124,NA,NA
"ko:K01938",0,NA,NA,NA,NA
"ko:K01939",1.91081529790027,0.204615965980772,1.04421951853408,NA,NA
"ko:K01940",1.00090325128109,0.189536261060397,1.036672779882,0.464958961911046,0.813739169585543
"ko:K01941",0,NA,NA,NA,NA
"ko:K01941,ko:K11263",10.8641430384405,-0.21384981921868,1.04496506376181,0.224651127073574,0.813739169585543
"ko:K01945,ko:K11788",31.8957343126352,-0.221154326159648,1.05647176326493,NA,NA
"ko:K01950",1.11464225710849,0.192436616674143,1.03805342812961,0.441211367181728,0.813739169585543
"ko:K01951",36.59094757198,0.323284371715431,1.09461620828575,0.0349860306555392,0.406113841752578
"ko:K01952",5.05001185873642,0.2187257264341,1.05188795291637,NA,NA
"ko:K01955",2.752483941023,0.210811555936593,1.04757073387135,NA,NA
"ko:K01956",0.500451625640546,0.167025487045069,1.02715710541345,0.632453893949233,0.813739169585543
"ko:K01958",1.04639885361205,0.190753711321967,1.03724806015997,0.455069524561536,0.813739169585543
"ko:K01961",0,NA,NA,NA,NA
"ko:K01966",1.68333728624547,0.202089327597996,1.04289343353188,NA,NA
"ko:K01969",1.86531969556931,0.204147162926318,1.04397255346308,NA,NA
"ko:K01971,ko:K10747",0.296755406113299,-0.185451083192686,1.03640158243091,0.444844458421872,0.813739169585543
"ko:K01972",0,NA,NA,NA,NA
"ko:K01989",0.34121701748219,0.151930781611107,1.02196368023636,0.733352916949827,0.841636154742057
"ko:K01990",11.2541093846481,-0.167909232817647,1.02176639507027,0.428894867560061,0.813739169585543
"ko:K01990,ko:K09691,ko:K09693",0.568999296294539,0.169736701968252,1.02825736104252,0.607401966604245,0.813739169585543
"ko:K01992",4.12443391059919,-0.0105682372844284,0.973930798694582,0.965073818796708,0.977582608123841
"ko:K01995",9.8580698323491,-0.180082043693683,1.02719667235138,0.380703008354358,0.813739169585543
"ko:K01996",3.59363843986063,-0.235036817980888,1.05419762356997,0.130769126878009,0.629590070533641
"ko:K01997",13.778902754974,-0.220701210066257,1.05615582337581,NA,NA
"ko:K01997,ko:K11956",1.36486806992876,0.197512162074749,1.04054194333499,0.398398309744513,0.813739169585543
"ko:K01998",6.09309086655873,-0.221362764346623,1.03238681413738,0.349155396370274,0.813739169585543
"ko:K01999",1.23393158999767,-0.212954688159706,1.05100599248452,0.178984836588447,0.763242481737878
"ko:K02003",0,NA,NA,NA,NA
"ko:K02004",0,NA,NA,NA,NA
"ko:K02010",34.7541484091403,0.269042142054275,1.07252337914125,NA,NA
"ko:K02011",0,NA,NA,NA,NA
"ko:K02011,ko:K02063",0,NA,NA,NA,NA
"ko:K02012",1.1870216244532,-0.212254302477141,1.05056619513035,0.186521248708959,0.78209797409643
"ko:K02013",2.37404324890639,-0.216864023735913,1.05354760216564,0.112634442377063,0.589125144721557
"ko:K02015",9.63618123074385,0.248842396944716,1.06328788157239,NA,NA
"ko:K02016",2.07004990605862,0.206114946648144,1.0450148864696,NA,NA
"ko:K02017,ko:K02018",0,NA,NA,NA,NA
"ko:K02020",0.864416444288215,0.185330833104279,1.03473220409385,0.498365182555069,0.813739169585543
"ko:K02025",0,NA,NA,NA,NA
"ko:K02025,ko:K10118",0,NA,NA,NA,NA
"ko:K02026",28.8975764426716,-0.321524966627742,1.09693428896717,0.009156182220123,0.406113841752578
"ko:K02026,ko:K10119,ko:K17243",6.23186352837928,-0.219728211762908,1.05548357748369,0.0511532358037182,0.418335366778353
"ko:K02026,ko:K10242",0,NA,NA,NA,NA
"ko:K02026,ko:K17236",0,NA,NA,NA,NA
"ko:K02027",68.7528153054078,-0.315033352348315,1.06604527595091,0.218029410322872,0.813739169585543
"ko:K02027,ko:K10117",8.60383879536153,-0.198973722926003,1.03619520622755,0.3040534183485,0.813739169585543
"ko:K02028,ko:K02029",21.6444167932004,0.271282722123923,1.07304339374924,NA,NA
"ko:K02029",0,NA,NA,NA,NA
"ko:K02029,ko:K02424,ko:K10009",17.5822884180198,0.26468511500378,1.07017661378658,NA,NA
"ko:K02030",11.241939142978,-0.220518882257406,1.05602925941124,0.0299452425158993,0.406113841752578
"ko:K02031",0,NA,NA,NA,NA
"ko:K02031,ko:K02032",4.1855954144482,0.216637428232968,1.05073591986671,NA,NA
"ko:K02031,ko:K02034",0.659686233798901,0.176789907591924,1.03102063668429,0.562940765486582,0.813739169585543
"ko:K02032",0,NA,NA,NA,NA
"ko:K02033",14.0474015383986,-0.215092458295114,1.03478694441061,0.327734370054157,0.813739169585543
"ko:K02033,ko:K15581",3.95811740279341,0.215955718870499,1.05036210809603,NA,NA
"ko:K02034",0,NA,NA,NA,NA
"ko:K02034,ko:K15582",1.38761587109424,0.197866780022295,1.04072693315681,0.39501483779549,0.813739169585543
"ko:K02035",25.059462026951,0.207388830801346,1.02456357039727,0.406240392549238,0.813739169585543
"ko:K02035,ko:K15580",34.0258008565345,-0.0188851950554406,0.967111441025877,NA,NA
"ko:K02036",0,NA,NA,NA,NA
"ko:K02037",1.20563346177041,0.194449711840497,1.03903217719968,0.424327915845596,0.813739169585543
"ko:K02038",1.79707629207287,0.203412374993424,1.04358606139416,NA,NA
"ko:K02039",1.06914665477753,0.191332825994538,1.0375238727763,0.450325959863352,0.813739169585543
"ko:K02040",50.4000227137441,0.42497139381187,1.15706420073383,0.00511548730674467,0.406113841752578
"ko:K02044",0,NA,NA,NA,NA
"ko:K02049",0,NA,NA,NA,NA
"ko:K02050",0,NA,NA,NA,NA
"ko:K02051",16.936686062295,-0.286165566695759,1.08133537937273,0.0095393563311213,0.406113841752578
"ko:K02051,ko:K15553",12.4275319411078,-0.204594561850375,1.04008519941257,0.266972171580129,0.813739169585543
"ko:K02056",3.48041357831834,0.214295322668616,1.04945183266697,NA,NA
"ko:K02057",13.2873231128445,-0.127454991469663,1.00568575860122,NA,NA
"ko:K02057,ko:K10440",0,NA,NA,NA,NA
"ko:K02058",1.84257189440383,0.203906607097192,1.04384593159538,NA,NA
"ko:K02071",0.659686233798901,0.176789907591924,1.03102063668429,0.562940765486582,0.813739169585543
"ko:K02072",0,NA,NA,NA,NA
"ko:K02073",0.636938432633422,0.1756005348342,1.03052935294046,0.571586153957687,0.813739169585543
"ko:K02074",0,NA,NA,NA,NA
"ko:K02075",0,NA,NA,NA,NA
"ko:K02077",0.68243403496438,0.177923319855448,1.03149453793642,0.554643723840332,0.813739169585543
"ko:K02078",10.0317803139764,-0.05879223251627,0.987789762171209,NA,NA
"ko:K02083",0,NA,NA,NA,NA
"ko:K02083,ko:K06016",1.9790587013967,0.205290318973699,1.04457514399642,NA,NA
"ko:K02108",39.5420933129114,0.449280671897803,1.16993078213075,0.0149811411123191,0.406113841752578
"ko:K02109",39.0472634736617,0.136277847535315,0.996889333362864,0.626624534227928,0.813739169585543
"ko:K02109,ko:K02113",5.77794149603175,0.22010977224761,1.05264231311393,NA,NA
"ko:K02110",1.88806749673479,0.204383568540945,1.04409706144544,NA,NA
"ko:K02111",40.4024858615948,0.262936434466783,1.04152360788192,0.318227021603833,0.813739169585543
"ko:K02112",23.0684434217824,0.362873514686568,1.10545320579602,0.0938962393972642,0.52352776593017
"ko:K02114",0.614190631467943,0.174359907623943,1.03002171271944,0.580605777268672,0.813739169585543
"ko:K02115",10.194116895021,-0.0923306952740603,0.99477625524293,NA,NA
"ko:K02221",0,NA,NA,NA,NA
"ko:K02237",0,NA,NA,NA,NA
"ko:K02238",0,NA,NA,NA,NA
"ko:K02257",60.827114975964,0.269260283102568,1.07288616692482,NA,NA
"ko:K02259",1.38761587109424,0.197866780022295,1.04072693315681,0.39501483779549,0.813739169585543
"ko:K02274",19.7646463169219,-0.322673568116667,1.09680848325176,0.0143902148012343,0.406113841752578
"ko:K02275",17.9485711434082,-0.240520632434865,1.02871825599383,0.366259089711411,0.813739169585543
"ko:K02276,ko:K02299",7.56108297557557,-0.250389689339477,1.05045929268198,0.241166690775948,0.813739169585543
"ko:K02283",0,NA,NA,NA,NA
"ko:K02302",0.250225812820273,0.138557169550825,1.01812795929979,0.817486292418697,0.887344211952659
"ko:K02302,ko:K02303",0,NA,NA,NA,NA
"ko:K02313",16.1755328703586,0.271539359062391,1.07279173297658,NA,NA
"ko:K02314",1.81982409323835,0.203661739933267,1.04371712664945,NA,NA
"ko:K02316",1.77432849090739,0.203158294863533,1.04345264891752,NA,NA
"ko:K02335",8.40356773675683,-0.15704685656697,1.01583760207759,0.481134036277787,0.813739169585543
"ko:K02337",11.9560374943835,-0.159766668066417,1.01828986068456,0.46015988087491,0.813739169585543
"ko:K02337,ko:K02342",0,NA,NA,NA,NA
"ko:K02338",1.02365105244657,0.190155193825638,1.03696447314322,0.459945072750144,0.813739169585543
"ko:K02340",0.955407648950133,0.188232836350162,1.03606367996373,0.475430117826192,0.813739169585543
"ko:K02341",0,NA,NA,NA,NA
"ko:K02342",0,NA,NA,NA,NA
"ko:K02343",1.88806749673479,0.204383568540945,1.04409706144544,NA,NA
"ko:K02346",2.73967662648296,-0.161458791352104,1.01578890510667,0.480976407483939,0.813739169585543
"ko:K02348",0,NA,NA,NA,NA
"ko:K02351,ko:K07245",0.68243403496438,0.177923319855448,1.03149453793642,0.554643723840332,0.813739169585543
"ko:K02355",87.9815204457281,0.243304334016516,1.00055370639612,0.478741952300414,0.813739169585543
"ko:K02356",31.5017408728035,0.118151046104894,0.992163579395493,0.677168959266492,0.827555410038463
"ko:K02357",52.7181176438387,0.101575278135346,0.987682465131705,0.730630698555226,0.841636154742057
"ko:K02358",143.206196313107,0.0900159568317744,0.934413114305467,0.825762630009542,0.893080235716841
"ko:K02424",0.659686233798901,0.176789907591924,1.03102063668429,0.562940765486582,0.813739169585543
"ko:K02426",0,NA,NA,NA,NA
"ko:K02428",0,NA,NA,NA,NA
"ko:K02428,ko:K02499",0,NA,NA,NA,NA
"ko:K02433",0.796173040791777,0.182849244507384,1.03362033854342,0.517617714844635,0.813739169585543
"ko:K02434",1.38761587109424,0.197866780022295,1.04072693315681,0.39501483779549,0.813739169585543
"ko:K02435",0,NA,NA,NA,NA
"ko:K02437",0,NA,NA,NA,NA
"ko:K02440",51.7398120199918,0.414398701653301,1.1357737057273,0.0659422720684629,0.447358368464459
"ko:K02446",0,NA,NA,NA,NA
"ko:K02456,ko:K02655",0,NA,NA,NA,NA
"ko:K02469",43.7617780472951,0.292911341886074,1.04516370285304,0.308029569797474,0.813739169585543
"ko:K02470",1.00090325128109,0.189536261060397,1.036672779882,0.464958961911046,0.813739169585543
"ko:K02476",28.496620872346,0.433397519591705,1.15102507670832,0.0475228213451027,0.417222416809211
"ko:K02483",1.05618970347308,0.207550994026775,1.04051876036013,0.435291415885964,0.813739169585543
"ko:K02483,ko:K07667",0,NA,NA,NA,NA
"ko:K02483,ko:K07672",1.5468504792526,0.200286670530318,1.04196276211053,0.373203022529555,0.813739169585543
"ko:K02484",6.38282620884109,-0.0401359799179724,0.984627657982806,NA,NA
"ko:K02492",14.3993581377484,-0.179079086618768,1.02783653447377,0.373729867801479,0.813739169585543
"ko:K02493",0.454956023309587,0.163375536866494,1.02582113040819,0.657137732746673,0.815886101689811
"ko:K02501",1.00090325128109,0.189536261060397,1.036672779882,0.464958961911046,0.813739169585543
"ko:K02503",0,NA,NA,NA,NA
"ko:K02509",14.7919249726642,-0.330774955321835,1.10047140834401,0.0189842945244839,0.406113841752578
"ko:K02510,ko:K12660",0.500451625640546,0.167025487045069,1.02715710541345,0.632453893949233,0.813739169585543
"ko:K02518",119.546071744882,0.0325971042540892,0.928444156608619,0.947683236657031,0.963827755169076
"ko:K02519",131.272254211637,0.098175720187648,0.93009379648658,0.813949281702305,0.887344211952659
"ko:K02520",86.2729514332502,0.167387189990008,0.958681966300841,0.661423473203049,0.819231978220374
"ko:K02528",0,NA,NA,NA,NA
"ko:K02529",48.084501720358,0.320468013498779,1.09380398438572,0.0270031401598566,0.406113841752578
"ko:K02548",0,NA,NA,NA,NA
"ko:K02549",0,NA,NA,NA,NA
"ko:K02551",0.295721415151232,0.145778275210489,1.02011955640582,0.771996376974123,0.856657689690616
"ko:K02552",0,NA,NA,NA,NA
"ko:K02563,ko:K03588",0.411310529999225,-0.197627023741835,1.0421467766072,0.351873641833839,0.813739169585543
"ko:K02564",0,NA,NA,NA,NA
"ko:K02566",0.0909912046619174,0.0931530434333863,1.01004050824162,0.937272519643709,0.958485222678752
"ko:K02575",0,NA,NA,NA,NA
"ko:K02600",0.432208222144108,0.160449720576758,1.02489826283842,0.670552427291247,0.823703290314556
"ko:K02601",40.0875886993961,0.411299904029875,1.14502679945283,0.0183574167909399,0.406113841752578
"ko:K02609",18.361334636612,-0.281051904130458,1.06876301637612,0.142430787037862,0.654085998935412
"ko:K02610",0.318469216316711,0.149036192249256,1.02107355653797,0.751937143783005,0.845398257699536
"ko:K02611",1.16013785943945,0.193473545368437,1.0385554934016,0.432558054896811,0.813739169585543
"ko:K02612",5.93510812226598,-0.219639885578575,1.05542290978119,0.0533693103430461,0.423543235046008
"ko:K02613",8.46619401233722,0.248376707406904,1.06286111185521,NA,NA
"ko:K02614",0.296755406113299,-0.185451083192686,1.03640158243091,0.444844458421872,0.813739169585543
"ko:K02618",0.614190631467943,0.174359907623943,1.03002171271944,0.580605777268672,0.813739169585543
"ko:K02619",0,NA,NA,NA,NA
"ko:K02624",0,NA,NA,NA,NA
"ko:K02652",5.34159731003938,-0.219433941914924,1.05528166732765,0.0584339968060306,0.423543235046008
"ko:K02653",3.88993250840312,0.261747040181415,1.06502071863225,0.178879957397727,0.763242481737878
"ko:K02654",0.818920841957257,0.183709920552377,1.03400300849456,0.510982360288964,0.813739169585543
"ko:K02662",0,NA,NA,NA,NA
"ko:K02669",24.688511295107,-0.257667693792819,1.05649896231544,0.19740647771041,0.797196451625897
"ko:K02760",0,NA,NA,NA,NA
"ko:K02768,ko:K02769,ko:K02770",37.0078304995859,0.349610120304467,1.11063093120297,0.0138375507334559,0.406113841752578
"ko:K02768,ko:K05881,ko:K08483,ko:K11183,ko:K11189",0.545947227971504,0.170210095163553,1.02837281807884,0.610215176487668,0.813739169585543
"ko:K02798,ko:K02799,ko:K02800",14.2203745637108,0.20179223444405,1.01977222714677,0.432288928659462,0.813739169585543
"ko:K02824,ko:K03458",0.568695029136984,0.1716670662044,1.02894345793684,0.599886219228387,0.813739169585543
"ko:K02825",0,NA,NA,NA,NA
"ko:K02834",0.727929637295339,0.180022407628193,1.03238821673344,0.538996692770162,0.813739169585543
"ko:K02835",19.1453204591264,0.279784509845055,1.07639975123394,0.0467300186396184,0.417222416809211
"ko:K02836",0,NA,NA,NA,NA
"ko:K02838",0.68243403496438,0.177923319855448,1.03149453793642,0.554643723840332,0.813739169585543
"ko:K02851",0,NA,NA,NA,NA
"ko:K02858,ko:K14652",0.70518183612986,0.178998031452915,1.03194904058656,0.546667683849033,0.813739169585543
"ko:K02860",0.591442830302463,0.173061033058752,1.02949573957375,0.590028421675987,0.813739169585543
"ko:K02863",80.1294586342813,0.284148170919277,1.03478002175656,0.350517913265941,0.813739169585543
"ko:K02864",148.814554997302,0.00693950313571146,0.923341395201114,0.999299817034603,0.999299817034603
"ko:K02867",53.0606381776373,0.406613783857793,1.14220224062408,0.0132551564452126,0.406113841752578
"ko:K02871",8.88802128415124,0.264875755983052,1.06908304269472,NA,NA
"ko:K02874",77.6424838160839,0.177454305631521,1.01421117475201,0.491290663358123,0.813739169585543
"ko:K02876",17.0153552717786,0.226762743728384,1.05638251020498,NA,NA
"ko:K02878",45.4323770562246,0.284123282621945,1.0542037770853,0.261414076799753,0.813739169585543
"ko:K02879",49.0658499866318,0.33099173579316,1.099279609453,0.0245913827344469,0.406113841752578
"ko:K02881",53.8282813286519,-0.0419495464284169,0.979236061006655,0.861612329199648,0.914597315506487
"ko:K02884",182.977344211576,0.376095497581665,1.0529482791413,0.293891740111413,0.813739169585543
"ko:K02886",114.401175875107,0.31798002840772,1.07044578171348,0.206974098196103,0.813739169585543
"ko:K02887",12.8011971537808,-0.140437965955435,0.989195896834505,0.619964664512922,0.813739169585543
"ko:K02888",141.584944774269,0.459134215779926,1.13693552622128,0.134018010029297,0.640070015899924
"ko:K02890",67.5226394284207,0.0657251750565599,0.952324680202903,0.864166250938385,0.914597315506487
"ko:K02892",46.0390191828327,0.200432730270503,1.01095916887109,0.484600617317741,0.813739169585543
"ko:K02895",66.3596713134048,0.441593493523632,1.16731724925115,0.00803689737113974,0.406113841752578
"ko:K02897",2.27478011654794,0.207631713517978,1.04586423433801,NA,NA
"ko:K02899",0.591442830302463,0.173061033058752,1.02949573957375,0.590028421675987,0.813739169585543
"ko:K02902",1.29662466643232,0.197403567264558,1.04023659901913,0.409006037645953,0.813739169585543
"ko:K02904",122.959941252298,0.269386180660843,1.00797830356582,0.435844967937242,0.813739169585543
"ko:K02906",81.2913363935507,0.241101901954563,1.01453289546189,0.435645161304465,0.813739169585543
"ko:K02907",10.486736337286,0.225181640283759,1.05533614961903,NA,NA
"ko:K02909",13.7114253426747,-0.182176357475887,1.01825375392637,0.444237589579823,0.813739169585543
"ko:K02911",1.75675064455225,-0.149822781926339,1.01160612635979,0.520529614273998,0.813739169585543
"ko:K02913",10.5182409973504,-0.0422934338910931,0.977011521518373,0.873233617820264,0.914597315506487
"ko:K02914",0.591442830302463,0.173061033058752,1.02949573957375,0.590028421675987,0.813739169585543
"ko:K02916",5.7324458937008,0.220036263976084,1.05260133213873,NA,NA
"ko:K02919",53.698194555565,0.321736529464262,1.09332004697041,0.0432829555137105,0.406113841752578
"ko:K02926",105.314529710906,0.519137974285467,1.2301952019317,0.00243841375242477,0.398775695359735
"ko:K02931",26.2412569540576,0.255632036562374,1.06705113981696,NA,NA
"ko:K02933",26.2584649299731,0.286115578980409,1.07944101968631,0.0331497674291807,0.406113841752578
"ko:K02935",3.09306388563528,0.0709704736708905,0.988445292098027,NA,NA
"ko:K02939",46.2167600186765,0.281717182222026,1.02645178090667,0.375392817558662,0.813739169585543
"ko:K02945",124.231539458349,0.12152361938404,0.933495555156545,0.7699105006887,0.856657689690616
"ko:K02946",255.107206320371,0.475794144072267,1.10359709159582,0.208963513121862,0.813739169585543
"ko:K02948",19.9464935468611,0.299917014907978,1.07637128004799,0.122729220837415,0.605770026064685
"ko:K02950",7.15260041582154,0.267675549907686,1.06957897395559,0.113483068078692,0.589125144721557
"ko:K02952",113.831576047178,-0.00438941331117874,0.947356904610193,0.975149028899253,0.983695831771702
"ko:K02954",17.7744092132734,0.415640294178342,1.12897895758058,0.0970287304995245,0.526601382801965
"ko:K02956",865.891181807794,-0.485488238112012,1.12173611079336,0.170454341014416,0.752426268297687
"ko:K02959",29.6368832734864,0.00503092508450289,0.978574000785456,NA,NA
"ko:K02961",31.2697567440669,0.331874063954251,1.09824685612622,0.038557988770983,0.406113841752578
"ko:K02963",50.18354677009,0.229762777730008,1.02549761481247,0.399539259626242,0.813739169585543
"ko:K02965",61.1045372185493,0.368550274875931,1.10140950554943,0.128432935150802,0.623369612073402
"ko:K02967",38.6415909069285,0.449757091017976,1.17097139466128,0.0155128571028894,0.406113841752578
"ko:K02968",3.04820535617423,0.212347266039259,1.04840689583124,NA,NA
"ko:K02982",60.544087093401,0.296894661126213,1.05824763091861,0.250041305983174,0.813739169585543
"ko:K02986",65.5838778009456,-0.0337744468002918,0.967982970716462,0.894745385206981,0.928979121684466
"ko:K02988",8.93748925609446,0.000542450650941491,0.98226323285306,NA,NA
"ko:K02990",47.0612172096164,0.0103776088148447,0.964720382055614,0.987738381020578,0.989395660183364
"ko:K02992",71.8046029256474,0.497517599649662,1.18859663016791,0.0560516055723818,0.423543235046008
"ko:K02994",1.61509388274903,0.201143967881997,1.0424196846629,NA,NA
"ko:K02996",25.1186683859791,0.411141600429689,1.1465230332081,0.014338667033568,0.406113841752578
"ko:K03040",32.2707699723512,0.357429782902297,1.1147604396187,0.0155674596006457,0.406113841752578
"ko:K03043",234.598954060351,0.180233728783397,0.948499546852513,0.65735546886566,0.815886101689811
"ko:K03046",228.377947146949,0.1858571256148,0.946709842671789,0.650653543198703,0.815886101689811
"ko:K03060",20.0685841547135,-0.297750687067349,1.06675109566357,NA,NA
"ko:K03070",34.8557457118523,0.316687013914947,1.09130248604556,0.0383369519808432,0.406113841752578
"ko:K03072",1.84257189440383,0.203906607097192,1.04384593159538,NA,NA
"ko:K03072,ko:K03074",0.0227478011654794,0.0403106758926753,1.00961765740695,0.744361624294483,0.841636154742057
"ko:K03073",68.9933252875915,0.289623308042552,1.05000428312127,0.287394194562079,0.813739169585543
"ko:K03075",0,NA,NA,NA,NA
"ko:K03076",2.73066119436782,0.193202692783733,1.03013762296994,NA,NA
"ko:K03077",0,NA,NA,NA,NA
"ko:K03086",120.90666043468,0.292524470406829,1.0262664004546,0.376954907450866,0.813739169585543
"ko:K03088",113.199386202358,0.206869303961491,0.973551308601316,0.579561974361089,0.813739169585543
"ko:K03100",1.18288566060493,0.193968877420353,1.03879688614467,0.428392291326742,0.813739169585543
"ko:K03101",0.0454956023309587,0.0643440590071063,1.00863972176031,0.830010941705254,0.894434173642665
"ko:K03106",3.34392677132546,0.213634885729415,1.04911611181435,NA,NA
"ko:K03110",0,NA,NA,NA,NA
"ko:K03111",118.161718424333,0.236999476638428,0.99016842958935,0.508797268473645,0.813739169585543
"ko:K03116",0.0227478011654794,0.0403106758926753,1.00961765740695,0.744361624294483,0.841636154742057
"ko:K03116,ko:K03117",0,NA,NA,NA,NA
"ko:K03118",0,NA,NA,NA,NA
"ko:K03147",0,NA,NA,NA,NA
"ko:K03168",28.8869706247019,0.175449460744848,1.01187867158058,0.500825335322853,0.813739169585543
"ko:K03177",0,NA,NA,NA,NA
"ko:K03183",9.66579745498178,-0.22036255390266,1.055921233828,0.034411550839501,0.406113841752578
"ko:K03210",1.61509388274903,0.201143967881997,1.0424196846629,NA,NA
"ko:K03215",1.45585927459068,0.198952950055276,1.04127915448188,0.385284088568179,0.813739169585543
"ko:K03217",1.29662466643232,0.197403567264558,1.04023659901913,0.409006037645953,0.813739169585543
"ko:K03218",0,NA,NA,NA,NA
"ko:K03265",0,NA,NA,NA,NA
"ko:K03282",0,NA,NA,NA,NA
"ko:K03284",0,NA,NA,NA,NA
"ko:K03290,ko:K08178,ko:K08369",0,NA,NA,NA,NA
"ko:K03294",0.500451625640546,0.167025487045069,1.02715710541345,0.632453893949233,0.813739169585543
"ko:K03296",10.2045569645007,0.28200929500578,1.0762170247474,0.0796298238115271,0.495197966827934
"ko:K03298",0,NA,NA,NA,NA
"ko:K03299",0.841668643122736,0.184536062997827,1.03437334073381,0.504568981650275,0.813739169585543
"ko:K03306",1.11464225710849,0.192436616674143,1.03805342812961,0.441211367181728,0.813739169585543
"ko:K03310",2.07004990605862,0.206114946648144,1.0450148864696,NA,NA
"ko:K03313",0,NA,NA,NA,NA
"ko:K03316",0,NA,NA,NA,NA
"ko:K03320",1.20563346177041,0.194449711840497,1.03903217719968,0.424327915845596,0.813739169585543
"ko:K03321",0,NA,NA,NA,NA
"ko:K03328",0,NA,NA,NA,NA
"ko:K03328,ko:K16695",0,NA,NA,NA,NA
"ko:K03335",0,NA,NA,NA,NA
"ko:K03336",3.54865698181478,0.214553637184791,1.04959355923873,NA,NA
"ko:K03337",2.29752791771341,0.20780626976449,1.04595746344682,NA,NA
"ko:K03338",1.77432849090739,0.203158294863533,1.04345264891752,NA,NA
"ko:K03380",10.817260732599,-0.256565909518347,1.05192810833489,0.23670832034538,0.813739169585543
"ko:K03380,ko:K19065",2.42359392852534,-0.267380013686613,1.07121268896929,0.0809292645207965,0.49809042184449
"ko:K03424",0,NA,NA,NA,NA
"ko:K03426",0.409460420978628,0.159330480475784,1.02439200469566,0.684777843482414,0.827555410038463
"ko:K03427",0,NA,NA,NA,NA
"ko:K03431",9.63472778454257,0.0579978686997801,0.986935490501414,NA,NA
"ko:K03436",2.47951032703725,0.209114117348699,1.04665717851402,NA,NA
"ko:K03437",0,NA,NA,NA,NA
"ko:K03438",0,NA,NA,NA,NA
"ko:K03439",0,NA,NA,NA,NA
"ko:K03449",0,NA,NA,NA,NA
"ko:K03453",0,NA,NA,NA,NA
"ko:K03457",0,NA,NA,NA,NA
"ko:K03466",13.4350957846357,0.280869448121763,1.07630809647502,0.0632887814550728,0.444510617984452
"ko:K03469,ko:K22316",0,NA,NA,NA,NA
"ko:K03470",0.477703824475066,0.165285156331335,1.02651005626696,0.644461424237481,0.815886101689811
"ko:K03475",0,NA,NA,NA,NA
"ko:K03491",0,NA,NA,NA,NA
"ko:K03496",0,NA,NA,NA,NA
"ko:K03497",0.409460420978628,0.159330480475784,1.02439200469566,0.684777843482414,0.827555410038463
"ko:K03498",21.3717314174308,0.267846571733409,1.07164687182746,NA,NA
"ko:K03499",0,NA,NA,NA,NA
"ko:K03500",0.545947227971504,0.170210095163553,1.02837281807884,0.610215176487668,0.813739169585543
"ko:K03501",2.77523174218848,0.210940574641162,1.04764046364472,NA,NA
"ko:K03517",0,NA,NA,NA,NA
"ko:K03521",1.11671023903262,-0.00841361468937602,0.985244220891644,0.97545717321415,0.983695831771702
"ko:K03522",0,NA,NA,NA,NA
"ko:K03523",0,NA,NA,NA,NA
"ko:K03524",0,NA,NA,NA,NA
"ko:K03526",39.0131097580189,0.258749660406043,1.03419940545182,0.351349393068781,0.813739169585543
"ko:K03527",11.0364932668686,0.282337766569922,1.0765255420403,0.0742317928094671,0.471450854332466
"ko:K03529",0.454956023309587,0.163375536866494,1.02582113040819,0.657137732746673,0.815886101689811
"ko:K03530",0,NA,NA,NA,NA
"ko:K03531",0.409460420978628,0.159330480475784,1.02439200469566,0.684777843482414,0.827555410038463
"ko:K03536",8.37619466303986,-0.0984170014993794,0.995612910063338,NA,NA
"ko:K03544",26.0035847164887,0.0470833263786422,0.978812422912412,NA,NA
"ko:K03545",52.9560663230958,0.266395341284335,1.03430578938366,0.352042618605816,0.813739169585543
"ko:K03546",3.91262180046245,0.215811594556222,1.05028310737672,NA,NA
"ko:K03547",0.386712619813149,0.156977720942343,1.02360320930516,0.699911933730271,0.830710585361773
"ko:K03550",0,NA,NA,NA,NA
"ko:K03551",0,NA,NA,NA,NA
"ko:K03553",0.727929637295339,0.180022407628193,1.03238821673344,0.538996692770162,0.813739169585543
"ko:K03556",41.960250628493,-0.401247558417855,1.11501462033826,0.122777509470397,0.605770026064685
"ko:K03564",0.0454956023309587,0.0643440590071063,1.00863972176031,0.830010941705254,0.894434173642665
"ko:K03565",0.70518183612986,0.178998031452915,1.03194904058656,0.546667683849033,0.813739169585543
"ko:K03574",0.432208222144108,0.160449720576758,1.02489826283842,0.670552427291247,0.823703290314556
"ko:K03574,ko:K08320",0,NA,NA,NA,NA
"ko:K03575",0,NA,NA,NA,NA
"ko:K03578",0.796173040791777,0.182849244507384,1.03362033854342,0.517617714844635,0.813739169585543
"ko:K03584",0,NA,NA,NA,NA
"ko:K03587",0.34121701748219,0.151930781611107,1.02196368023636,0.733352916949827,0.841636154742057
"ko:K03588",1.09189445594301,0.191893494413422,1.03779222812197,0.445708431096361,0.813739169585543
"ko:K03589",0.159234608158355,0.118377613874088,1.01361372605172,0.940824690937602,0.958485222678752
"ko:K03593",0.545947227971504,0.170210095163553,1.02837281807884,0.610215176487668,0.813739169585543
"ko:K03595",1.84257189440383,0.203906607097192,1.04384593159538,NA,NA
"ko:K03596",6.54723077180978,-0.136343547869365,1.00739007364915,0.559717881164725,0.813739169585543
"ko:K03601",0.500451625640546,0.167025487045069,1.02715710541345,0.632453893949233,0.813739169585543
"ko:K03602",0,NA,NA,NA,NA
"ko:K03624",15.9117910648665,0.268628093120882,1.07160611657482,NA,NA
"ko:K03625",2.04730210489314,0.205869484914408,1.04489379585532,NA,NA
"ko:K03628",83.7138293213088,0.420713479413707,1.08615072433926,0.225984879844584,0.813739169585543
"ko:K03629",0.616965794998837,-0.205036685366037,1.04621427167077,0.279816600134194,0.813739169585543
"ko:K03631",0.545947227971504,0.170210095163553,1.02837281807884,0.610215176487668,0.813739169585543
"ko:K03635",17.1315925733587,-0.287497747585856,1.08192532964043,0.00926517485334014,0.406113841752578
"ko:K03636,ko:K21142",0,NA,NA,NA,NA
"ko:K03637",9.11429989994848,-0.187534944135053,1.0321872761874,0.319552425644004,0.813739169585543
"ko:K03638",0,NA,NA,NA,NA
"ko:K03639",7.90404116562659,-0.205319015782485,1.03875794136825,0.285110723942895,0.813739169585543
"ko:K03644",0.477703824475066,0.165285156331335,1.02651005626696,0.644461424237481,0.815886101689811
"ko:K03647",33.3447289172227,-0.431411979363896,1.14969449219831,0.0499428873902611,0.418335366778353
"ko:K03648",0,NA,NA,NA,NA
"ko:K03651",0,NA,NA,NA,NA
"ko:K03652",0,NA,NA,NA,NA
"ko:K03654",0.932659847784653,0.187546068602644,1.03574554672976,0.480901394981909,0.813739169585543
"ko:K03655",0.568695029136984,0.1716670662044,1.02894345793684,0.599886219228387,0.813739169585543
"ko:K03657",12.3964586493496,-0.123896241787016,1.00426626106726,NA,NA
"ko:K03664",2.57050153169917,0.209711504662398,1.04697811516402,NA,NA
"ko:K03665",12.8983070452597,-0.192726953980356,1.02308986866761,0.408942505095874,0.813739169585543
"ko:K03671",106.911879328055,-0.119448700807672,0.96529227339674,0.709455563352228,0.83821316395175
"ko:K03671,ko:K03672",0.432208222144108,0.160449720576758,1.02489826283842,0.670552427291247,0.823703290314556
"ko:K03672",10.0534351293052,-0.240773337123436,1.05881902769231,0.115482805190237,0.591010962761709
"ko:K03684",0,NA,NA,NA,NA
"ko:K03685",1.16013785943945,0.193473545368437,1.0385554934016,0.432558054896811,0.813739169585543
"ko:K03686",0,NA,NA,NA,NA
"ko:K03686,ko:K05516",22.9086053935612,-0.233806062682128,1.04318323934865,0.275267162754586,0.813739169585543
"ko:K03687",8.38884204710259,-0.255627410205154,1.06773890429314,0.0466151466859182,0.417222416809211
"ko:K03695,ko:K03696",182.924854754025,-0.128884586560208,0.941161408502934,0.724203976450327,0.841636154742057
"ko:K03696",110.254124408785,-0.42850307753431,1.095536638055,0.197629941106588,0.797196451625897
"ko:K03701",62.7029391308504,0.116706696723701,0.979859196106203,0.715821926552878,0.83821316395175
"ko:K03702",3.84437839696601,0.215590191712068,1.05016176649869,NA,NA
"ko:K03703",3.97476838397877,-0.207070775771014,1.03756654134941,0.302970233607723,0.813739169585543
"ko:K03704",124.949059128855,-0.079941151391699,0.935759641438076,0.819784046136729,0.88822336759279
"ko:K03705",0.0227478011654794,0.0403106758926753,1.00961765740695,0.744361624294483,0.841636154742057
"ko:K03709",0.523199426806025,0.16856987339817,1.02775554955385,0.621055806756654,0.813739169585543
"ko:K03710",0.204730210489314,0.129750274483608,1.01596895607108,0.872350855825916,0.914597315506487
"ko:K03711",0.796173040791777,0.182849244507384,1.03362033854342,0.517617714844635,0.813739169585543
"ko:K03718",0,NA,NA,NA,NA
"ko:K03723",1.50135487692164,0.199639636334584,1.04162945761111,0.379123068187502,0.813739169585543
"ko:K03724",0,NA,NA,NA,NA
"ko:K03727",3.6821532146827,0.260544423106268,1.0642736708205,0.186832282785508,0.78209797409643
"ko:K03733,ko:K04763",0,NA,NA,NA,NA
"ko:K03734",0,NA,NA,NA,NA
"ko:K03741",0,NA,NA,NA,NA
"ko:K03743",0,NA,NA,NA,NA
"ko:K03744",26.5959844653433,-0.24507893500814,1.04956124082583,0.236104263516024,0.813739169585543
"ko:K03750",32.7039871754296,0.276551587124632,1.07556893316635,0.0290209186048438,0.406113841752578
"ko:K03752",0,NA,NA,NA,NA
"ko:K03767,ko:K03768",2.93446635034684,0.211791566162553,1.04810265894409,NA,NA
"ko:K03782",2.50410823722332,0.148058504202092,1.0097535330212,NA,NA
"ko:K03783",0,NA,NA,NA,NA
"ko:K03786",0,NA,NA,NA,NA
"ko:K03787",0,NA,NA,NA,NA
"ko:K03789",0.500451625640546,0.167025487045069,1.02715710541345,0.632453893949233,0.813739169585543
"ko:K03790",0,NA,NA,NA,NA
"ko:K03798",9.10664480163104,-0.0946559479144262,0.976765192602769,NA,NA
"ko:K03799",54.9990410520261,-0.225166770000667,1.00237907845669,0.465336212409659,0.813739169585543
"ko:K03800",0,NA,NA,NA,NA
"ko:K03801",0,NA,NA,NA,NA
"ko:K03820",1.72883288857643,0.202634948797068,1.04317838185826,NA,NA
"ko:K03823",6.62309067363267,-0.237465650859218,1.04001102881776,0.30565669026608,0.813739169585543
"ko:K03826",5.7358516510199,-0.240527728626757,1.05865595277103,0.0902462354903621,0.520507924221601
"ko:K03829",0,NA,NA,NA,NA
"ko:K03885",16.7459139445076,-0.0578841011154675,0.988184770862741,NA,NA
"ko:K03889",4.42372936725554,-0.108218470386151,0.98862836030135,0.690790928622109,0.830710585361773
"ko:K03890",0.909912046619174,0.18683433918585,1.0354178560808,0.486541529286304,0.813739169585543
"ko:K03891",0.727929637295339,0.180022407628193,1.03238821673344,0.538996692770162,0.813739169585543
"ko:K03892",4.73007109499108,-0.219194281697769,1.05511762046941,0.0644691875222459,0.447326210354984
"ko:K03924",4.09187612474702,0.266002050560245,1.06678939764572,0.169898869008367,0.752426268297687
"ko:K03925",0,NA,NA,NA,NA
"ko:K03969",0,NA,NA,NA,NA
"ko:K03975",4.23109101677916,0.216766528291281,1.0508067248497,NA,NA
"ko:K03977",2.13829330955506,0.206779667060215,1.04535242853868,NA,NA
"ko:K03979",2.22928451421698,0.207274648242341,1.04567363310941,NA,NA
"ko:K03980",0,NA,NA,NA,NA
"ko:K04019",4.15457568558618,-0.218845688429133,1.05488017992855,0.072174392298213,0.463313034430464
"ko:K04042",21.7886775260214,-0.201814966810641,1.01826214219458,NA,NA
"ko:K04043",56.1125289490547,-0.218554819041013,1.00462992477051,0.46276463028479,0.813739169585543
"ko:K04047",28.0578959321981,-0.282223293102928,1.0797904847185,0.00537646369189675,0.406113841752578
"ko:K04063",0.0227478011654794,0.0403106758926753,1.00961765740695,0.744361624294483,0.841636154742057
"ko:K04066",24.9793657224755,0.342249574287233,1.09806023004663,NA,NA
"ko:K04077",167.998465743341,-0.286475649049383,1.00896481243949,0.403561670756868,0.813739169585543
"ko:K04078",9.37849297753898,-0.232907069868052,1.04183739994289,0.287272053156447,0.813739169585543
"ko:K04092",0,NA,NA,NA,NA
"ko:K04096",0,NA,NA,NA,NA
"ko:K04477",0,NA,NA,NA,NA
"ko:K04485",0,NA,NA,NA,NA
"ko:K04487",8.11165547609856,-0.269899816284909,1.07403499180717,0.0253387659098052,0.406113841752578
"ko:K04488",0,NA,NA,NA,NA
"ko:K04517",1.79707629207287,0.203412374993424,1.04358606139416,NA,NA
"ko:K04518",0,NA,NA,NA,NA
"ko:K04564",22.2387185013004,-0.0978476324393603,0.990334377849289,NA,NA
"ko:K04567",0.295721415151232,0.145778275210489,1.02011955640582,0.771996376974123,0.856657689690616
"ko:K04750",0.545947227971504,0.170210095163553,1.02837281807884,0.610215176487668,0.813739169585543
"ko:K04755",0,NA,NA,NA,NA
"ko:K04762",0,NA,NA,NA,NA
"ko:K04763",0,NA,NA,NA,NA
"ko:K05020",8.36609424593711,-0.220182660846016,1.05579665570735,0.0393257872886617,0.406113841752578
"ko:K05275",0.614190631467943,0.174359907623943,1.03002171271944,0.580605777268672,0.813739169585543
"ko:K05342",14.9184216007062,-0.121193389280348,1.00417452759764,NA,NA
"ko:K05343",13.8563435948333,-0.220703666575289,1.05615755076964,6.42674616742073e-09,3.83676746195017e-06
"ko:K05346",1.49498590537045,0.225406856757758,1.04774365588062,0.351529329592,0.813739169585543
"ko:K05349",6.69160473515589,0.270921598418103,1.07059618915631,0.117525280618848,0.594598241775021
"ko:K05350",10.6831946200788,-0.220465305153523,1.05599224179732,0.0314387948548548,0.406113841752578
"ko:K05364",0.295721415151232,0.145778275210489,1.02011955640582,0.771996376974123,0.856657689690616
"ko:K05522",0.727929637295339,0.180022407628193,1.03238821673344,0.538996692770162,0.813739169585543
"ko:K05522,ko:K10563",0,NA,NA,NA,NA
"ko:K05565,ko:K14086",9.2710667503278,-0.211975318690119,1.03114653640603,0.354066025092772,0.813739169585543
"ko:K05567",0,NA,NA,NA,NA
"ko:K05568",0.386712619813149,0.156977720942343,1.02360320930516,0.699911933730271,0.830710585361773
"ko:K05569",0.975427365076352,0.187876766739042,1.03592250240374,0.474763864279241,0.813739169585543
"ko:K05570",0,NA,NA,NA,NA
"ko:K05571",0,NA,NA,NA,NA
"ko:K05592,ko:K11927",0.773425239626298,0.181949584651517,1.0332241424492,0.524488529607691,0.813739169585543
"ko:K05596",0,NA,NA,NA,NA
"ko:K05710",27.8275501819334,0.306815147289413,1.08226449326382,0.0916097211991635,0.520507924221601
"ko:K05711,ko:K18255",6.82537434060587,-0.21988481620893,1.05559024608497,0.0472295766377846,0.417222416809211
"ko:K05782",0,NA,NA,NA,NA
"ko:K05786",0,NA,NA,NA,NA
"ko:K05794",2.11554550838958,0.206573336395855,1.04524519257471,NA,NA
"ko:K05799",11.419342231986,-0.0899301309450548,0.986250841365667,NA,NA
"ko:K05808",29.8205774523242,0.210633390246595,1.01519743330461,0.454857630788159,0.813739169585543
"ko:K05825",0,NA,NA,NA,NA
"ko:K05827,ko:K05844",0,NA,NA,NA,NA
"ko:K05832",0.978155450115612,0.188895847047625,1.03637263478817,0.470119323665536,0.813739169585543
"ko:K05833",0,NA,NA,NA,NA
"ko:K05834",0,NA,NA,NA,NA
"ko:K05838",1.63784168391451,0.20140534271055,1.04256237203713,NA,NA
"ko:K05845",19.9954819024863,-0.207373479597908,1.02628818911928,0.384428000936536,0.813739169585543
"ko:K05846",14.5165755911771,0.317487789980514,1.086217985233,0.083022840391768,0.500652885998843
"ko:K05847",2.52500592936821,0.209417098004617,1.04681986142617,NA,NA
"ko:K05879",0,NA,NA,NA,NA
"ko:K05881,ko:K11189",0,NA,NA,NA,NA
"ko:K05896",0,NA,NA,NA,NA
"ko:K05979",0.568695029136984,0.1716670662044,1.02894345793684,0.599886219228387,0.813739169585543
"ko:K06024",0,NA,NA,NA,NA
"ko:K06044",0,NA,NA,NA,NA
"ko:K06048",0,NA,NA,NA,NA
"ko:K06131",0.887164245453695,0.186096385196114,1.03508021521548,0.492359544342165,0.813739169585543
"ko:K06133",0,NA,NA,NA,NA
"ko:K06147",32.5627611334795,-0.228420013459915,1.04207603204334,0.266856284837986,0.813739169585543
"ko:K06147,ko:K06148",11.6609481422961,-0.247647313801777,1.04691947600568,0.262922641847753,0.813739169585543
"ko:K06153",1.09189445594301,0.191893494413422,1.03779222812197,0.445708431096361,0.813739169585543
"ko:K06158",32.091438604149,0.263650327331179,1.07031350430105,NA,NA
"ko:K06168",0.614190631467943,0.174359907623943,1.03002171271944,0.580605777268672,0.813739169585543
"ko:K06173",0,NA,NA,NA,NA
"ko:K06178,ko:K06183",0,NA,NA,NA,NA
"ko:K06180",7.76477919510282,-0.167188446287496,1.02001051324889,0.44401135394006,0.813739169585543
"ko:K06187",0,NA,NA,NA,NA
"ko:K06188",0.523199426806025,0.16856987339817,1.02775554955385,0.621055806756654,0.813739169585543
"ko:K06191",35.6181014628581,-0.457183864259166,1.16241439933597,0.0583468535814314,0.423543235046008
"ko:K06196",0,NA,NA,NA,NA
"ko:K06199",11.2028832448463,-0.24598493758796,1.06291394508327,0.0497057162097666,0.418335366778353
"ko:K06200",0,NA,NA,NA,NA
"ko:K06201",0,NA,NA,NA,NA
"ko:K06203",4.47614506412962,-0.170166234533024,1.0198923075812,0.445204831222048,0.813739169585543
"ko:K06207",30.5440022639631,0.453353703176519,1.17212335831356,0.0203453562937247,0.406113841752578
"ko:K06215",0,NA,NA,NA,NA
"ko:K06217",3.75338719230409,0.215284919037767,1.04999447630937,NA,NA
"ko:K06221",0,NA,NA,NA,NA
"ko:K06287",0.727929637295339,0.180022407628193,1.03238821673344,0.538996692770162,0.813739169585543
"ko:K06346",1.27387686526684,0.194782147009936,1.039425657755,0.412703435994753,0.813739169585543
"ko:K06442",0.614190631467943,0.174359907623943,1.03002171271944,0.580605777268672,0.813739169585543
"ko:K06605",0,NA,NA,NA,NA
"ko:K06867",0,NA,NA,NA,NA
"ko:K06886",0,NA,NA,NA,NA
"ko:K06889",0,NA,NA,NA,NA
"ko:K06891",0,NA,NA,NA,NA
"ko:K06895",0,NA,NA,NA,NA
"ko:K06902",0,NA,NA,NA,NA
"ko:K06903",0,NA,NA,NA,NA
"ko:K06907",0,NA,NA,NA,NA
"ko:K06910",0,NA,NA,NA,NA
"ko:K06911",0.887164245453695,0.186096385196114,1.03508021521548,0.492359544342165,0.813739169585543
"ko:K06915",0,NA,NA,NA,NA
"ko:K06916",0,NA,NA,NA,NA
"ko:K06922",0.968449859210057,0.197011750165639,1.03778784270309,0.462579517145405,0.813739169585543
"ko:K06925",0,NA,NA,NA,NA
"ko:K06929",0,NA,NA,NA,NA
"ko:K06937",0.614190631467943,0.174359907623943,1.03002171271944,0.580605777268672,0.813739169585543
"ko:K06941",6.56912572878272,-0.0641008746105457,0.97896133146226,0.815389807734192,0.887344211952659
"ko:K06942",2.16104111072054,0.206969372252944,1.04545398294552,NA,NA
"ko:K06949",20.3389870430071,0.235883094744028,1.0569613071658,NA,NA
"ko:K06958",0.796173040791777,0.182849244507384,1.03362033854342,0.517617714844635,0.813739169585543
"ko:K06960",0.614190631467943,0.174359907623943,1.03002171271944,0.580605777268672,0.813739169585543
"ko:K06966",38.9843422877786,0.0540679233893864,0.98631346189704,NA,NA
"ko:K06975",0,NA,NA,NA,NA
"ko:K06980",8.52193201513572,-0.226409359962665,1.05042751550539,0.187336700662964,0.78209797409643
"ko:K06988",0,NA,NA,NA,NA
"ko:K06994",15.2886625726837,0.285202126139255,1.07835396247876,0.0550278524561706,0.423543235046008
"ko:K06996",0,NA,NA,NA,NA
"ko:K06997",0,NA,NA,NA,NA
"ko:K06999",0,NA,NA,NA,NA
"ko:K07004",2.91171854918136,0.211675442084045,1.0480393248665,NA,NA
"ko:K07005",0,NA,NA,NA,NA
"ko:K07010",0,NA,NA,NA,NA
"ko:K07018",1.04639885361205,0.190753711321967,1.03724806015997,0.455069524561536,0.813739169585543
"ko:K07020",0.36396481864767,0.154371895277562,1.02276246809824,0.716061496843203,0.83821316395175
"ko:K07027,ko:K20468",0,NA,NA,NA,NA
"ko:K07029",0,NA,NA,NA,NA
"ko:K07032",0,NA,NA,NA,NA
"ko:K07040",37.6826444947336,0.409308716809079,1.14231709045648,0.0197311971794691,0.406113841752578
"ko:K07042",0,NA,NA,NA,NA
"ko:K07045",0,NA,NA,NA,NA
"ko:K07052",0,NA,NA,NA,NA
"ko:K07053,ko:K20859",5.75834741998914,-0.219604163913864,1.05539719241248,0.0545625739113886,0.423543235046008
"ko:K07054",0.796173040791777,0.182849244507384,1.03362033854342,0.517617714844635,0.813739169585543
"ko:K07056",0.727929637295339,0.180022407628193,1.03238821673344,0.538996692770162,0.813739169585543
"ko:K07058",14.9333652592152,-0.328463028349984,1.10017700868004,0.0197837827203316,0.406113841752578
"ko:K07064",0.70518183612986,0.178998031452915,1.03194904058656,0.546667683849033,0.813739169585543
"ko:K07071",0,NA,NA,NA,NA
"ko:K07082",1.63784168391451,0.20140534271055,1.04256237203713,NA,NA
"ko:K07086",0,NA,NA,NA,NA
"ko:K07088",0,NA,NA,NA,NA
"ko:K07089",0,NA,NA,NA,NA
"ko:K07090",0,NA,NA,NA,NA
"ko:K07093",0,NA,NA,NA,NA
"ko:K07098",2.32027571887889,0.207978346649889,1.0460493808976,NA,NA
"ko:K07101",0,NA,NA,NA,NA
"ko:K07104",0,NA,NA,NA,NA
"ko:K07107",22.9058274850397,-0.170950645908861,1.02570530581934,NA,NA
"ko:K07114",15.7677123248884,-0.245740016186769,1.06377514979829,0.0367897351663889,0.406113841752578
"ko:K07118",15.2854808775308,-0.300107624118557,1.08049546290894,0.0924184924078555,0.520507924221601
"ko:K07127",0,NA,NA,NA,NA
"ko:K07127,ko:K16840",0,NA,NA,NA,NA
"ko:K07140",0.545947227971504,0.170210095163553,1.02837281807884,0.610215176487668,0.813739169585543
"ko:K07141,ko:K19190",0,NA,NA,NA,NA
"ko:K07149",0,NA,NA,NA,NA
"ko:K07156,ko:K14166",1.02365105244657,0.190155193825638,1.03696447314322,0.459945072750144,0.813739169585543
"ko:K07160",0,NA,NA,NA,NA
"ko:K07161",0,NA,NA,NA,NA
"ko:K07164",1.23959589530115,0.116625166910437,1.0024154798325,0.624018818641029,0.813739169585543
"ko:K07171",0,NA,NA,NA,NA
"ko:K07173",0,NA,NA,NA,NA
"ko:K07175",0,NA,NA,NA,NA
"ko:K07177",1.77796937741931,0.237650725694572,1.05235712998217,0.310358877505721,0.813739169585543
"ko:K07192",0,NA,NA,NA,NA
"ko:K07250",21.3815050914058,-0.256777031870083,1.05464644177186,0.212636024188197,0.813739169585543
"ko:K07258",75.0403919052324,-0.164126696520892,0.99881341697752,0.550115370200195,0.813739169585543
"ko:K07260",0,NA,NA,NA,NA
"ko:K07284",2.41126692354081,0.208642132721171,1.04640423821258,NA,NA
"ko:K07304,ko:K12267",2.04915221391374,0.128570288700515,1.00328822529474,NA,NA
"ko:K07305",0,NA,NA,NA,NA
"ko:K07335",1.05947282312881,0.204992576816403,1.03989338431579,0.438929846389965,0.813739169585543
"ko:K07391",0,NA,NA,NA,NA
"ko:K07399",11.2194362571447,-0.254298267122044,1.05589823369523,0.197080729500193,0.797196451625897
"ko:K07401",0,NA,NA,NA,NA
"ko:K07402",0,NA,NA,NA,NA
"ko:K07404",0,NA,NA,NA,NA
"ko:K07407",0,NA,NA,NA,NA
"ko:K07442",0.113739005827397,0.103108529577625,1.01118417332496,0.978232576728216,0.984831110129418
"ko:K07445",2.27161401510451,0.247513285235875,1.05706445945365,0.262743366006077,0.813739169585543
"ko:K07447",0.477703824475066,0.165285156331335,1.02651005626696,0.644461424237481,0.815886101689811
"ko:K07451",0,NA,NA,NA,NA
"ko:K07460",0,NA,NA,NA,NA
"ko:K07461",0,NA,NA,NA,NA
"ko:K07462",0,NA,NA,NA,NA
"ko:K07478",0,NA,NA,NA,NA
"ko:K07483",0,NA,NA,NA,NA
"ko:K07492",0,NA,NA,NA,NA
"ko:K07493",0,NA,NA,NA,NA
"ko:K07497",0,NA,NA,NA,NA
"ko:K07503",0.887164245453695,0.186096385196114,1.03508021521548,0.492359544342165,0.813739169585543
"ko:K07535",0,NA,NA,NA,NA
"ko:K07552",0.659686233798901,0.176789907591924,1.03102063668429,0.562940765486582,0.813739169585543
"ko:K07566",4.5824499387593,0.217577767738144,1.05125359457693,0.197399559446176,0.797196451625897
"ko:K07586",0,NA,NA,NA,NA
"ko:K07636,ko:K07654",3.15214732398032,-0.195650281897767,1.03129780323367,0.353891955763649,0.813739169585543
"ko:K07646",8.86407408712821,-0.213257752891555,1.04372556835276,0.238598411532469,0.813739169585543
"ko:K07670",22.5999639028975,0.348761515104863,1.10945249252341,0.0244011013847061,0.406113841752578
"ko:K07727",0,NA,NA,NA,NA
"ko:K07734",0,NA,NA,NA,NA
"ko:K07736",93.3653884444689,-0.158765307090658,0.96105597752442,0.647877897167431,0.815886101689811
"ko:K07738",0.204730210489314,0.129750274483608,1.01596895607108,0.872350855825916,0.914597315506487
"ko:K07742",31.5006505308383,-0.076312401346981,0.97032913439909,0.791883237545092,0.870634056748471
"ko:K07749",0,NA,NA,NA,NA
"ko:K07768",8.46631799740659,-0.186464809516458,1.02979663066839,0.358894060248662,0.813739169585543
"ko:K07776",0,NA,NA,NA,NA
"ko:K07793",67.8195522118261,-0.155711070183657,0.971526757948511,NA,NA
"ko:K07794",25.7259222058006,0.203371684903914,1.01034038204625,0.479575853806466,0.813739169585543
"ko:K07795",118.609151964627,0.202007477289567,0.975006450701011,0.583926272349474,0.813739169585543
"ko:K07816",0,NA,NA,NA,NA
"ko:K08139",0,NA,NA,NA,NA
"ko:K08167",0,NA,NA,NA,NA
"ko:K08172",0.205655264999612,-0.177910948695892,1.03317269885126,0.444844458421872,0.813739169585543
"ko:K08225",0.0974989348672192,0.0830496996837686,1.00998151800872,0.833217861658038,0.896272186324052
"ko:K08234",0,NA,NA,NA,NA
"ko:K08281",36.0540945420571,-0.402893767010574,1.14478020582121,0.000911019326051106,0.271939268826255
"ko:K08296",0,NA,NA,NA,NA
"ko:K08300,ko:K08301",31.6639831688285,0.202329144380556,0.984154127979649,0.560969911058338,0.813739169585543
"ko:K08316",0,NA,NA,NA,NA
"ko:K08319",0,NA,NA,NA,NA
"ko:K08372",2.47951032703725,0.209114117348699,1.04665717851402,NA,NA
"ko:K08483",21.2804483404791,0.166864535649329,0.994334949543731,0.581697654979697,0.813739169585543
"ko:K08676",6.23186352837928,-0.219728211762908,1.05548357748369,0.0511532358037182,0.418335366778353
"ko:K08681",0,NA,NA,NA,NA
"ko:K08744",0,NA,NA,NA,NA
"ko:K08884,ko:K12132",45.5101171603686,0.0951058029356833,0.977295390749894,0.766195247386541,0.856657689690616
"ko:K08972",0.522880890371069,-0.201331073566169,1.04414504801704,0.313954061487485,0.813739169585543
"ko:K08981",0,NA,NA,NA,NA
"ko:K08998",1.37465891978979,0.222892154649438,1.0463580191231,0.369481665864679,0.813739169585543
"ko:K09009",0.318469216316711,0.149036192249256,1.02107355653797,0.751937143783005,0.845398257699536
"ko:K09013",21.4666611909968,0.326925650723459,1.09400515019899,0.0564975597988424,0.423543235046008
"ko:K09014",49.3250029785359,0.164358583322247,0.993392736915756,0.588324121111873,0.813739169585543
"ko:K09015",68.7078616704177,-0.119660059390743,0.971775522143935,0.689592211460184,0.830710585361773
"ko:K09118",4.04910860745532,0.216235948390626,1.05051574746819,NA,NA
"ko:K09165",10.9804986977925,-0.220495298337278,1.05601300979918,0.0306137632040259,0.406113841752578
"ko:K09167",0.727929637295339,0.180022407628193,1.03238821673344,0.538996692770162,0.813739169585543
"ko:K09458",2.27663022556853,0.139092436907027,1.00664966207235,NA,NA
"ko:K09607",6.37829057274587,-0.176858543737302,1.0128912123699,0.481137561540717,0.813739169585543
"ko:K09684",0,NA,NA,NA,NA
"ko:K09694",0.181982409323835,0.124437193095598,1.01480966705576,0.904518153002876,0.935870601980446
"ko:K09695",19.980449442105,0.393787801194603,1.13022953182608,NA,NA
"ko:K09710",0.159234608158355,0.118377613874088,1.01361372605172,0.940824690937602,0.958485222678752
"ko:K09760",30.9499378837021,0.329844395475496,1.10007903118636,NA,NA
"ko:K09761",0,NA,NA,NA,NA
"ko:K09762",0.0682434034964381,0.0807031210712614,1.0090882134516,0.890402028134846,0.927696353920598
"ko:K09764",0,NA,NA,NA,NA
"ko:K09767",2.60048726959912,-0.128870243388805,1.00369699562794,0.593644120712839,0.813739169585543
"ko:K09772",0.272973613985752,0.142464970381322,1.01917310321101,0.793753216608816,0.871085791021072
"ko:K09807",0.545947227971504,0.170210095163553,1.02837281807884,0.610215176487668,0.813739169585543
"ko:K09809",14.5281695155078,-0.29177923934087,1.07949943971948,0.0686349282256762,0.450275298359656
"ko:K09811",0,NA,NA,NA,NA
"ko:K09812",0,NA,NA,NA,NA
"ko:K09818,ko:K11601",0,NA,NA,NA,NA
"ko:K09819,ko:K11602,ko:K19975,ko:K19976",0,NA,NA,NA,NA
"ko:K09820,ko:K11603,ko:K11607",0,NA,NA,NA,NA
"ko:K09858",0,NA,NA,NA,NA
"ko:K09861",0,NA,NA,NA,NA
"ko:K09903",0.841668643122736,0.184536062997827,1.03437334073381,0.504568981650275,0.813739169585543
"ko:K09927",4.43064946179866,-0.175369467804235,1.02221832851452,0.425694121986809,0.813739169585543
"ko:K09936",0,NA,NA,NA,NA
"ko:K09975",0,NA,NA,NA,NA
"ko:K09992",0,NA,NA,NA,NA
"ko:K10005",9.27723472614803,-0.256889936790478,1.06835566621193,0.0419327565334091,0.406113841752578
"ko:K10006",1.09592148333951,-0.236231582759736,1.05754958992743,0.175148909786706,0.75770941407727
"ko:K10007",0.545947227971504,0.170210095163553,1.02837281807884,0.610215176487668,0.813739169585543
"ko:K10008",0.410385475488926,-0.00124075308285761,0.988782655224171,0.935792180165149,0.958485222678752
"ko:K10010",0.584993609203315,0.170242199222516,1.02846953513237,0.602283416040963,0.813739169585543
"ko:K10012",1.72883288857643,0.202634948797068,1.04317838185826,NA,NA
"ko:K10112",58.2474323624862,-0.0223180406143428,0.959506703243419,0.929022950254979,0.957904492749952
"ko:K10218",0.0909912046619174,0.0931530434333863,1.01004050824162,0.937272519643709,0.958485222678752
"ko:K10220",0,NA,NA,NA,NA
"ko:K10229",8.90266218339896,-0.220258448042442,1.05584914976265,0.0372061877674792,0.406113841752578
"ko:K10232",78.4105701785825,-0.304082490404544,1.03891680492154,0.317754647229167,0.813739169585543
"ko:K10233",46.0686114998435,0.093275085462598,0.974861368051136,0.77554832051291,0.857411754344828
"ko:K10234",47.3889702036319,-0.314065787562705,1.08121064525749,0.126583659980469,0.61942987711754
"ko:K10240",0.454956023309587,0.163375536866494,1.02582113040819,0.657137732746673,0.815886101689811
"ko:K10241",0.386712619813149,0.156977720942343,1.02360320930516,0.699911933730271,0.830710585361773
"ko:K10439",0,NA,NA,NA,NA
"ko:K10440",30.1113015927762,0.319401834710858,1.09486564294165,NA,NA
"ko:K10441",0,NA,NA,NA,NA
"ko:K10536",0,NA,NA,NA,NA
"ko:K10546",86.7720967177908,0.0564285555128015,0.925271605008497,0.900231733714326,0.933052682339328
"ko:K10547",18.0403488320098,-0.198033920685583,1.02351896482512,0.403905452442894,0.813739169585543
"ko:K10548",61.3219487524456,0.606912523187347,1.3031325530714,0.0124132442403209,0.406113841752578
"ko:K10563",1.16013785943945,0.193473545368437,1.0385554934016,0.432558054896811,0.813739169585543
"ko:K10747",0,NA,NA,NA,NA
"ko:K10804",1.57144838943867,0.0981434134715355,0.995349382986389,0.699531441160405,0.830710585361773
"ko:K10805",0,NA,NA,NA,NA
"ko:K10843",3.27568336782903,0.213354520508672,1.04896153911847,NA,NA
"ko:K10979",4.18304712296855,-0.218876748378353,1.05490129066976,0.0716207637118879,0.463313034430464
"ko:K11068",0,NA,NA,NA,NA
"ko:K11103",44.9462958980197,0.367286678259967,1.11293989683467,0.0586449515490844,0.423543235046008
"ko:K11175",0,NA,NA,NA,NA
"ko:K11189",0,NA,NA,NA,NA
"ko:K11206",0,NA,NA,NA,NA
"ko:K11212",0,NA,NA,NA,NA
"ko:K11263",8.11949346864751,-0.0314523907461907,0.983707338784193,NA,NA
"ko:K11717",51.5872031867392,-0.0364680794940404,0.967631389400211,0.892590420501145,0.928356238744222
"ko:K11749",0.727929637295339,0.180022407628193,1.03238821673344,0.538996692770162,0.813739169585543
"ko:K11752",11.1520071098372,0.301832426239725,1.07792969691633,0.111172272391316,0.587343775377132
"ko:K11753",9.79292840173886,-0.220371108586542,1.05592709182306,0.034086782423779,0.406113841752578
"ko:K11754",0,NA,NA,NA,NA
"ko:K11779",29.3028135358178,-0.279751446911668,1.07054070044349,0.119605995516119,0.600040162379187
"ko:K11927",0.773425239626298,0.181949584651517,1.0332241424492,0.524488529607691,0.813739169585543
"ko:K11928",0,NA,NA,NA,NA
"ko:K11939",0,NA,NA,NA,NA
"ko:K12132",0,NA,NA,NA,NA
"ko:K12234",0,NA,NA,NA,NA
"ko:K12373",0.591442830302463,0.173061033058752,1.02949573957375,0.590028421675987,0.813739169585543
"ko:K12510",0,NA,NA,NA,NA
"ko:K12511",0,NA,NA,NA,NA
"ko:K12573",0,NA,NA,NA,NA
"ko:K12574",35.9878935339945,0.0981043555393581,0.955072538167977,0.790913321189844,0.870634056748471
"ko:K12583",0,NA,NA,NA,NA
"ko:K13010",1.04639885361205,0.190753711321967,1.03724806015997,0.455069524561536,0.813739169585543
"ko:K13038",5.75168979408176,-0.219590307695328,1.05538796323661,0.0547519883326556,0.423543235046008
"ko:K13052",0,NA,NA,NA,NA
"ko:K13063",1.81982409323835,0.203661739933267,1.04371712664945,NA,NA
"ko:K13288",1.63784168391451,0.20140534271055,1.04256237203713,NA,NA
"ko:K13529",0,NA,NA,NA,NA
"ko:K13572,ko:K13573",0,NA,NA,NA,NA
"ko:K13573",0,NA,NA,NA,NA
"ko:K13628",1.02365105244657,0.190155193825638,1.03696447314322,0.459945072750144,0.813739169585543
"ko:K13640",0,NA,NA,NA,NA
"ko:K13641",0,NA,NA,NA,NA
"ko:K13641,ko:K19333",0,NA,NA,NA,NA
"ko:K13653",0,NA,NA,NA,NA
"ko:K13775",0,NA,NA,NA,NA
"ko:K13787",0,NA,NA,NA,NA
"ko:K13788",0.864416444288215,0.185330833104279,1.03473220409385,0.498365182555069,0.813739169585543
"ko:K13821",0.0227478011654794,0.0403106758926753,1.00961765740695,0.744361624294483,0.841636154742057
"ko:K13979",10.6273839005269,0.224962575419321,1.05527060173957,NA,NA
"ko:K13993",146.719246904017,-0.270877384849857,0.99958836009842,0.435812417582003,0.813739169585543
"ko:K14155",10.4865684059596,-0.220016122405568,1.04773075448077,0.204260760646175,0.813739169585543
"ko:K14161",0.616965794998837,-0.205036685366037,1.04621427167077,0.279816600134194,0.813739169585543
"ko:K14162",0,NA,NA,NA,NA
"ko:K14393",1.22838126293589,0.19476162264052,1.03921745655398,0.4203608445868,0.813739169585543
"ko:K14519",0,NA,NA,NA,NA
"ko:K14742",1.29662466643232,0.197403567264558,1.04023659901913,0.409006037645953,0.813739169585543
"ko:K14743",6.46500080354763,0.154280616122507,1.01239606499246,NA,NA
"ko:K14941",0,NA,NA,NA,NA
"ko:K15066",17.9505407709639,-0.407988594421109,1.14760792266264,0.00267186395550911,0.398775695359735
"ko:K15125",0,NA,NA,NA,NA
"ko:K15510",9.67329647186478,-0.220359610995127,1.05591915581599,0.0344414199077792,0.406113841752578
"ko:K15553",0,NA,NA,NA,NA
"ko:K15554",0,NA,NA,NA,NA
"ko:K15555",25.3462752207412,0.18399647020264,1.00893117334336,NA,NA
"ko:K15629",11.5950657121703,-0.267297425313691,1.06365968045879,0.153849415023452,0.701130540221379
"ko:K15640",0.0227478011654794,0.0403106758926753,1.00961765740695,0.744361624294483,0.841636154742057
"ko:K15738",1.18288566060493,0.193968877420353,1.03879688614467,0.428392291326742,0.813739169585543
"ko:K15770",1.11464225710849,0.192436616674143,1.03805342812961,0.441211367181728,0.813739169585543
"ko:K15771",0,NA,NA,NA,NA
"ko:K15772",0,NA,NA,NA,NA
"ko:K16013,ko:K16014",0,NA,NA,NA,NA
"ko:K16146",0,NA,NA,NA,NA
"ko:K16147",0,NA,NA,NA,NA
"ko:K16148",0,NA,NA,NA,NA
"ko:K16264",0,NA,NA,NA,NA
"ko:K16514",0,NA,NA,NA,NA
"ko:K16515",0,NA,NA,NA,NA
"ko:K16650",7.5977655892701,0.224036649273212,1.05447564019786,NA,NA
"ko:K16783",0,NA,NA,NA,NA
"ko:K16784",0.500451625640546,0.167025487045069,1.02715710541345,0.632453893949233,0.813739169585543
"ko:K16785",0,NA,NA,NA,NA
"ko:K16785,ko:K16786,ko:K16787",0,NA,NA,NA,NA
"ko:K16841",0.750677438460818,0.181006934731734,1.03281335284231,0.531609502995045,0.813739169585543
"ko:K16870",0.432208222144108,0.160449720576758,1.02489826283842,0.670552427291247,0.823703290314556
"ko:K16925",0,NA,NA,NA,NA
"ko:K17228",0,NA,NA,NA,NA
"ko:K17234",0,NA,NA,NA,NA
"ko:K17235",0,NA,NA,NA,NA
"ko:K17318",7.81490006998527,-0.220096887993414,1.0557371777186,0.0417369753549776,0.406113841752578
"ko:K17319",0,NA,NA,NA,NA
"ko:K17320",0,NA,NA,NA,NA
"ko:K17686",0.500451625640546,0.167025487045069,1.02715710541345,0.632453893949233,0.813739169585543
"ko:K17758,ko:K17759",0.545947227971504,0.170210095163553,1.02837281807884,0.610215176487668,0.813739169585543
"ko:K17836",0,NA,NA,NA,NA
"ko:K18254",0.979189441077679,0.0780091171416384,0.99429216969703,0.725234944758486,0.841636154742057
"ko:K18256",2.87584489704088,-0.217698503698784,1.054104573974,0.0968054501274591,0.526601382801965
"ko:K18568",0,NA,NA,NA,NA
"ko:K18833",0.568695029136984,0.1716670662044,1.02894345793684,0.599886219228387,0.813739169585543
"ko:K18926",4.07249072733592,-0.11403520640815,0.990168108824005,0.673755858280506,0.825938906352078
"ko:K18955",63.8729411220361,0.390201626843269,1.09771986870932,0.174816537744213,0.75770941407727
"ko:K19002",0,NA,NA,NA,NA
"ko:K19225",0,NA,NA,NA,NA
"ko:K19265",13.9878311873004,-0.395796282399403,1.12499733546845,0.0753533200616333,0.473536127124159
"ko:K19267",9.95966876111241,-0.197764498838036,1.03565389305,0.308450639114297,0.813739169585543
"ko:K19577",1.92202993026553,0.158034341956681,1.0149900274487,NA,NA
"ko:K19710",0,NA,NA,NA,NA
"ko:K20074",0,NA,NA,NA,NA
"ko:K20444",8.10465380075157,-0.220140237923033,1.05576740275646,0.0404696968782968,0.406113841752578
"ko:K20469",0,NA,NA,NA,NA
"ko:K21029,ko:K21147",9.28937480321211,-0.21761502792719,1.04640992428127,0.215695838623327,0.813739169585543
"ko:K21071",0,NA,NA,NA,NA
"ko:K21471",129.534667542788,-0.373239434967485,1.04657232632695,0.291306672973585,0.813739169585543
"ko:K21600",0,NA,NA,NA,NA
"ko:K21685",1.25526502794963,-0.200145785548161,1.03648433598296,0.335347588119948,0.813739169585543
"ko:K21687,ko:K21691",20.0453246376723,0.283826128314367,1.07816136568026,0.043527202691688,0.406113841752578
"ko:K21688",3.16194436200163,0.212866174339668,1.04869234533943,NA,NA
"ko:K21929",0,NA,NA,NA,NA
"ko:K21993",0,NA,NA,NA,NA
"ko:K22010",0.909912046619174,0.18683433918585,1.0354178560808,0.486541529286304,0.813739169585543
"ko:K22044",1.72944142289154,0.235840481670591,1.05159285751484,0.317105946739918,0.813739169585543
"ko:K22081",0,NA,NA,NA,NA
"ko:K22082",0,NA,NA,NA,NA
"ko:K22083",0,NA,NA,NA,NA
"ko:K22296,ko:K22489",0,NA,NA,NA,NA
"ko:K22297",0.773425239626298,0.181949584651517,1.0332241424492,0.524488529607691,0.813739169585543
"ko:K22307",0,NA,NA,NA,NA
"ko:K22489",0,NA,NA,NA,NA
